57.70, 48.71, 33.96, 30.04, 58.52, 70.44, 36.63, 66.53, 17.83, 4.08
31.70, 37.39, 48.67, 46.90, 40.25, 17.93, 64.46, 26.51, 31.05, 80.62
97.90, 52.23, 61.00, 83.85, 42.27, 24.73, 89.97, 34.37, 36.68, 14.80
98.50, 83.56, 19.41, 6.37, 28.66, 36.52, 94.66, 36.05, 45.96, 95.04
30.46, 18.02, 93.60, 79.30, 78.86, 68.30, 62.26, 50.00, 89.36, 81.15
4.51, 9.93, 17.33, 13.16, 36.98, 87.62, 89.19, 36.57, 36.48, 54.32
34.92, 77.68, 65.37, 95.41, 75.46, 96.55, 32.85, 70.15, 34.42, 66.45
98.64, 30.78, 6.07, 58.25, 37.29, 36.59, 39.47, 26.90, 49.64, 75.73
97.21, 88.09, 74.40, 97.53, 10.61, 76.53, 22.18, 82.40, 28.98, 20.48
75.68, 67.02, 62.89, 86.27, 63.86, 31.21, 36.01, 51.54, 63.57, 48.86
47.69, 29.53, 29.27, 32.61, 99.23, 31.68, 22.09, 20.98, 54.95, 89.54
73.23, 16.55, 5.13, 1.89, 38.41, 53.28, 71.31, 60.14, 75.95, 31.34
43.69, 90.89, 98.24, 23.79, 75.62, 22.48, 51.25, 58.86, 91.16, 92.25
39.05, 17.32, 39.80, 58.96, 52.80, 22.79, 80.89, 30.12, 94.72, 41.73
62.23, 45.09, 3.54, 93.35, 3.59, 42.28, 33.32, 40.27, 86.14, 9.78
6.80, 69.92, 21.43, 84.74, 66.51, 41.44, 28.96, 3.68, 32.34, 96.05
90.66, 87.30, 21.80, 98.58, 67.80, 93.88, 68.78, 18.04, 54.44, 59.98
63.61, 22.98, 81.91, 74.03, 93.35, 83.72, 30.91, 65.05, 32.49, 97.65
31.09, 92.31, 45.64, 5.82, 45.13, 90.06, 1.90, 68.90, 23.50, 67.28
70.22, 67.28, 2.20, 68.42, 92.00, 25.73, 37.57, 95.32, 66.30, 71.48
73.07, 35.93, 60.03, 3.96, 65.79, 80.59, 50.93, 97.79, 66.66, 69.85
41.52, 94.49, 22.10, 39.48, 43.08, 63.91, 34.80, 50.09, 84.12, 95.93
2.61, 24.26, 80.14, 61.20, 51.11, 60.11, 46.01, 34.52, 51.45, 83.74
21.20, 18.72, 41.17, 6.10, 14.26, 86.14, 36.73, 53.94, 30.70, 66.01
19.35, 20.71, 93.79, 61.92, 41.18, 11.56, 49.35, 49.60, 40.26, 85.70
21.61, 3.74, 37.55, 6.37, 92.14, 21.97, 89.76, 8.67, 88.64, 68.50
60.16, 89.42, 56.35, 60.58, 25.46, 32.44, 15.68, 68.90, 12.61, 27.88
60.66, 28.83, 90.15, 50.33, 6.05, 37.91, 61.60, 17.07, 58.65, 66.05
67.99, 68.89, 2.95, 20.26, 25.84, 52.01, 60.81, 53.34, 93.67, 35.96
10.05, 57.90, 71.79, 91.95, 59.76, 30.54, 39.98, 58.15, 67.65, 82.54
17.76, 96.09, 69.69, 25.34, 94.40, 64.40, 90.67, 35.33, 37.52, 75.49
6.56, 53.08, 23.45, 86.45, 45.87, 10.82, 34.39, 44.66, 60.81, 27.81
78.18, 12.55, 23.56, 32.60, 13.84, 99.00, 71.53, 76.08, 42.58, 83.13
66.03, 55.77, 14.80, 29.29, 12.72, 99.23, 46.95, 48.97, 30.12, 22.58
70.15, 16.18, 13.42, 57.52, 74.83, 49.86, 25.15, 8.71, 70.04, 96.12
88.71, 47.00, 85.76, 80.16, 12.73, 96.72, 82.33, 53.58, 40.66, 66.29
40.66, 24.04, 3.21, 13.60, 11.73, 46.21, 13.47, 43.59, 2.15, 20.00
7.59, 83.28, 18.27, 44.22, 94.87, 79.59, 2.21, 55.68, 21.86, 63.31
4.41, 78.19, 36.65, 97.24, 18.39, 14.11, 30.41, 46.43, 36.43, 38.48
21.25, 85.26, 23.05, 50.86, 3.53, 13.17, 90.14, 0.55, 83.98, 2.35
31.38, 25.62, 99.18, 54.54, 90.13, 15.36, 2.62, 30.59, 8.62, 7.58
72.10, 28.39, 30.02, 76.30, 49.14, 82.99, 78.74, 62.58, 62.90, 35.62
64.19, 18.97, 54.92, 25.25, 56.01, 52.11, 78.60, 48.16, 90.74, 86.80
81.65, 42.32, 42.46, 44.85, 84.41, 72.03, 66.16, 3.77, 97.41, 48.06
13.03, 44.81, 56.08, 6.91, 75.56, 22.88, 83.61, 80.95, 54.57, 5.00
38.39, 80.47, 59.37, 78.69, 9.80, 15.53, 61.98, 83.70, 46.25, 62.07
49.74, 31.96, 14.28, 29.35, 71.27, 60.90, 65.67, 97.81, 14.39, 56.39
21.62, 67.97, 33.78, 85.48, 15.64, 55.78, 84.04, 81.05, 70.14, 10.02
79.76, 43.44, 37.51, 31.85, 3.96, 85.89, 44.33, 68.62, 58.69, 14.23
33.27, 0.02, 3.21, 80.24, 68.41, 91.58, 71.05, 0.45, 49.50, 86.11
48.04, 36.12, 89.32, 81.29, 26.30, 16.54, 87.24, 69.42, 37.23, 28.06
34.58, 55.53, 83.75, 82.45, 41.89, 96.87, 85.95, 96.76, 70.32, 36.87
65.73, 42.47, 91.37, 51.16, 57.57, 41.23, 91.00, 56.19, 45.00, 77.59
58.95, 25.88, 64.62, 92.84, 16.76, 29.56, 37.97, 86.62, 45.03, 30.78
73.38, 4.59, 91.36, 15.05, 55.72, 92.49, 78.92, 14.80, 84.74, 22.46
41.97, 25.64, 61.80, 42.90, 77.29, 42.07, 98.13, 75.29, 77.38, 66.15
97.03, 42.63, 16.43, 85.52, 34.33, 88.72, 17.93, 3.55, 47.92, 94.90
84.62, 67.54, 22.44, 88.92, 84.50, 7.17, 69.73, 99.75, 46.01, 76.40
8.02, 55.00, 8.12, 4.02, 10.03, 32.46, 56.34, 67.01, 72.30, 72.08
57.46, 54.82, 83.97, 68.74, 25.08, 7.95, 0.50, 1.62, 2.26, 24.97
87.07, 48.81, 29.10, 66.03, 60.45, 61.38, 11.83, 20.59, 54.25, 36.09
67.37, 1.41, 59.57, 39.55, 10.17, 94.45, 19.91, 68.37, 33.80, 29.17
15.99, 79.38, 36.65, 26.00, 48.33, 32.81, 28.18, 37.69, 46.66, 75.02
1.14, 32.98, 20.38, 78.97, 55.99, 49.59, 33.51, 15.97, 29.41, 87.08
40.19, 32.22, 11.72, 59.03, 79.35, 50.90, 69.04, 57.06, 55.49, 54.21
93.03, 23.30, 68.28, 96.87, 11.27, 79.94, 45.43, 96.69, 96.19, 67.65
36.63, 48.67, 47.45, 91.52, 92.75, 12.12, 43.79, 56.41, 84.56, 77.22
58.57, 28.05, 7.65, 25.13, 80.87, 93.27, 5.61, 45.57, 79.29, 2.83
4.89, 9.74, 73.98, 18.31, 74.18, 92.41, 11.31, 48.44, 56.95, 33.71
86.46, 37.07, 31.46, 74.58, 3.77, 11.10, 12.79, 40.14, 99.40, 3.21
16.93, 17.00, 11.78, 79.25, 52.28, 64.11, 27.93, 78.40, 69.60, 32.64
66.59, 60.47, 33.94, 26.52, 3.57, 51.54, 49.79, 5.59, 60.91, 6.69
24.98, 24.63, 92.07, 65.67, 60.65, 40.89, 21.56, 1.18, 23.17, 84.51
52.56, 87.93, 5.08, 74.27, 39.70, 74.54, 94.45, 40.40, 83.09, 40.49
43.18, 24.16, 9.98, 44.29, 27.72, 16.00, 27.41, 49.12, 67.46, 96.31
73.78, 12.81, 31.13, 64.05, 61.79, 46.45, 12.60, 69.97, 2.86, 69.04
77.05, 52.24, 11.01, 57.06, 1.62, 14.58, 50.43, 91.57, 20.38, 90.07
41.04, 91.11, 5.56, 31.21, 23.68, 17.74, 11.46, 94.98, 84.01, 49.54
52.81, 26.53, 89.80, 45.05, 60.47, 44.68, 94.87, 50.41, 95.46, 89.09
39.40, 11.18, 93.83, 8.24, 11.81, 41.72, 42.26, 69.02, 52.54, 26.93
12.16, 43.57, 15.35, 81.55, 21.55, 14.26, 99.27, 80.18, 16.66, 59.96
94.29, 20.85, 73.27, 31.50, 81.26, 87.46, 6.00, 17.59, 74.67, 72.21
62.08, 74.88, 28.94, 48.32, 84.46, 67.50, 63.17, 20.78, 37.67, 64.99
60.00, 99.68, 88.53, 28.38, 41.38, 60.22, 10.26, 94.56, 39.79, 96.19
76.93, 18.92, 48.42, 90.05, 60.27, 78.25, 7.17, 85.83, 36.90, 98.34
39.77, 67.64, 63.33, 42.37, 47.77, 29.46, 69.33, 12.68, 85.66, 68.78
24.06, 13.84, 90.25, 50.84, 85.74, 59.60, 73.54, 81.38, 33.58, 42.83
1.98, 55.47, 85.77, 95.64, 48.37, 74.38, 86.79, 92.97, 5.01, 84.20
76.79, 85.80, 86.48, 72.40, 43.55, 24.08, 41.58, 57.58, 45.38, 63.35
84.19, 28.23, 48.49, 97.22, 31.23, 12.25, 68.02, 70.60, 70.95, 2.06
99.89, 17.88, 17.12, 80.90, 49.00, 9.94, 43.37, 97.70, 40.95, 92.69
93.86, 39.25, 96.35, 56.81, 62.63, 66.74, 1.09, 67.36, 41.80, 51.99
69.09, 89.00, 99.41, 92.76, 51.98, 16.04, 81.74, 19.39, 54.90, 41.21
17.36, 79.50, 4.60, 67.56, 48.11, 19.00, 91.20, 82.41, 90.74, 77.91
81.42, 22.66, 54.74, 78.30, 58.64, 89.35, 98.69, 45.89, 39.64, 67.85
87.47, 93.08, 99.85, 51.67, 35.57, 25.11, 98.84, 81.64, 78.11, 65.55
43.44, 96.66, 96.10, 85.54, 16.53, 41.79, 26.51, 70.22, 36.22, 92.29
4.18, 85.60, 78.65, 72.09, 70.59, 85.78, 63.13, 33.80, 80.66, 85.69
42.68, 10.27, 80.22, 16.33, 9.68, 47.91, 24.75, 4.45, 64.85, 71.66
83.21, 36.29, 14.79, 84.09, 16.82, 51.49, 19.30, 2.00, 66.12, 6.89
49.12, 65.80, 93.65, 53.22, 49.64, 21.70, 83.92, 55.35, 52.38, 98.89
69.99, 76.93, 8.81, 88.37, 82.59, 19.93, 23.36, 37.29, 36.56, 92.69
77.42, 68.78, 99.87, 47.31, 70.43, 71.37, 26.38, 25.37, 27.50, 40.35
84.13, 17.41, 83.95, 98.08, 56.06, 98.59, 42.10, 17.06, 33.54, 6.35
13.10, 69.73, 86.59, 86.44, 98.34, 89.01, 27.90, 49.70, 85.54, 53.01
32.56, 60.22, 47.11, 99.67, 1.41, 16.25, 92.83, 68.63, 40.23, 21.45
81.43, 62.58, 95.92, 22.97, 27.08, 18.26, 63.29, 52.63, 13.47, 95.87
33.41, 43.52, 29.88, 51.15, 18.72, 70.73, 61.41, 75.36, 70.08, 45.43
50.61, 75.45, 3.58, 9.05, 22.03, 60.43, 6.07, 25.97, 0.46, 42.98
75.35, 59.37, 93.02, 22.15, 16.93, 39.50, 2.57, 2.41, 29.59, 48.52
20.75, 12.33, 66.20, 72.40, 58.05, 22.80, 26.93, 1.14, 50.22, 62.42
37.22, 63.54, 9.22, 77.32, 3.25, 72.92, 61.92, 0.63, 86.25, 59.47
15.98, 23.12, 23.50, 71.42, 28.34, 35.55, 31.64, 87.52, 64.84, 88.39
99.83, 7.63, 41.22, 11.58, 14.09, 54.71, 61.19, 70.88, 2.83, 75.46
99.54, 66.96, 12.38, 55.26, 86.61, 74.93, 86.38, 32.97, 32.61, 44.34
27.17, 51.41, 27.66, 21.29, 10.77, 14.46, 38.01, 49.30, 58.84, 10.37
20.94, 8.96, 50.87, 82.77, 20.82, 30.11, 33.64, 97.86, 84.43, 83.64
31.60, 40.63, 34.35, 15.54, 63.46, 71.97, 98.47, 43.38, 99.84, 80.62
4.30, 21.40, 13.40, 71.86, 83.11, 46.93, 41.62, 18.38, 40.18, 8.06
4.27, 48.33, 64.63, 57.04, 63.92, 53.27, 19.15, 32.71, 52.92, 33.66
96.82, 3.83, 91.95, 84.19, 45.56, 64.89, 10.13, 85.08, 58.95, 92.03
98.38, 67.57, 9.00, 85.52, 74.83, 67.97, 86.70, 64.50, 97.83, 24.73
92.69, 47.97, 13.20, 31.76, 10.34, 78.89, 31.23, 26.78, 39.14, 23.25
79.31, 83.07, 99.25, 44.92, 20.23, 33.16, 9.59, 39.18, 24.70, 64.06
79.15, 83.02, 68.34, 63.88, 21.93, 13.04, 83.83, 88.43, 89.12, 37.32
20.81, 47.61, 9.79, 78.22, 35.98, 41.88, 61.10, 51.19, 68.37, 80.28
42.65, 20.86, 2.87, 66.79, 71.77, 24.96, 28.67, 52.09, 2.11, 23.89
61.35, 82.00, 58.64, 71.01, 85.76, 34.57, 79.89, 4.69, 16.51, 33.36
71.23, 99.82, 37.09, 22.02, 34.27, 85.99, 47.68, 42.00, 54.49, 1.81
29.70, 95.55, 4.41, 54.50, 17.67, 85.02, 53.84, 5.90, 40.95, 85.66
77.68, 49.82, 53.33, 32.16, 13.29, 29.52, 95.28, 38.99, 75.32, 99.71
67.67, 35.73, 21.43, 59.96, 79.18, 55.35, 55.33, 42.47, 97.42, 52.42
82.25, 73.67, 13.14, 4.09, 23.66, 4.05, 69.40, 7.45, 72.80, 78.13
48.91, 73.52, 17.14, 37.27, 70.33, 41.97, 26.19, 22.85, 80.42, 1.24
57.49, 27.30, 3.25, 36.56, 29.39, 81.22, 19.66, 32.10, 36.90, 66.38
72.32, 65.67, 57.40, 60.98, 18.76, 71.13, 9.77, 7.23, 2.59, 35.35
36.91, 41.60, 78.05, 18.36, 30.32, 43.43, 9.28, 11.63, 21.11, 97.96
78.64, 26.09, 28.44, 27.06, 56.66, 31.70, 73.55, 30.57, 55.97, 18.07
20.93, 28.97, 86.22, 32.88, 74.95, 39.87, 44.36, 87.17, 0.89, 38.69
33.50, 21.58, 10.85, 22.67, 81.27, 38.53, 24.76, 96.63, 1.36, 68.06
35.51, 22.24, 19.82, 14.41, 99.37, 67.15, 92.94, 94.13, 9.85, 54.80
11.23, 83.59, 27.25, 86.75, 78.24, 46.03, 37.93, 77.67, 16.42, 65.70
38.48, 92.18, 67.41, 66.34, 41.36, 87.15, 99.61, 79.26, 66.54, 54.84
66.95, 40.25, 85.08, 35.86, 97.74, 69.95, 27.03, 42.67, 35.50, 37.96
98.62, 94.07, 28.25, 83.59, 32.41, 29.68, 5.29, 32.49, 49.62, 25.40
24.07, 18.82, 30.25, 42.83, 94.93, 61.25, 98.56, 2.30, 2.25, 90.60
90.58, 29.04, 65.10, 89.35, 39.99, 52.67, 99.79, 12.16, 68.25, 92.74
94.06, 42.01, 50.54, 33.65, 39.40, 30.15, 64.39, 16.77, 62.46, 93.40
15.05, 1.40, 4.80, 5.20, 44.73, 70.91, 68.18, 89.99, 2.39, 47.43
16.19, 43.84, 90.91, 21.66, 41.62, 3.10, 42.40, 34.52, 91.28, 71.54
43.33, 92.41, 25.83, 48.12, 51.68, 14.38, 22.78, 73.10, 88.48, 8.30
43.44, 97.21, 84.57, 75.49, 34.78, 13.45, 11.54, 75.21, 51.68, 25.76
68.27, 69.82, 57.02, 8.85, 59.64, 17.94, 44.83, 30.10, 87.02, 56.52
25.10, 38.61, 49.83, 51.67, 0.96, 23.98, 9.86, 16.42, 64.01, 7.96
28.26, 58.72, 10.74, 39.85, 38.86, 95.41, 91.54, 69.71, 31.70, 3.59
88.65, 75.26, 5.45, 39.51, 74.48, 56.74, 14.80, 17.22, 6.75, 54.32
35.77, 27.90, 87.66, 31.90, 37.88, 73.88, 21.08, 43.42, 5.82, 39.79
83.12, 87.46, 64.44, 73.75, 17.91, 72.65, 93.59, 32.74, 30.30, 44.14
76.56, 82.24, 47.93, 33.43, 49.45, 90.72, 54.65, 8.89, 54.23, 88.82
14.10, 43.38, 21.16, 45.00, 23.70, 75.00, 23.34, 53.99, 81.08, 85.20
33.17, 65.37, 33.17, 49.97, 4.70, 30.14, 31.58, 30.16, 76.29, 49.60
11.60, 57.38, 44.53, 45.88, 75.62, 43.82, 41.26, 51.75, 16.13, 53.17
62.47, 97.55, 76.89, 75.79, 47.66, 64.66, 37.63, 66.20, 40.73, 42.72
4.44, 13.54, 47.55, 63.77, 27.42, 38.03, 4.33, 58.30, 9.30, 72.38
15.93, 52.28, 69.92, 84.73, 64.38, 61.98, 47.12, 33.87, 13.75, 85.30
25.24, 48.49, 8.45, 25.32, 39.56, 25.81, 35.83, 18.47, 97.47, 7.69
19.76, 40.97, 3.56, 70.39, 84.82, 53.00, 67.69, 8.41, 41.43, 40.29
86.16, 79.40, 37.71, 70.73, 37.53, 85.86, 32.71, 2.21, 56.81, 18.86
80.95, 40.70, 12.79, 76.86, 65.32, 2.13, 7.75, 37.02, 44.65, 7.73
80.26, 88.23, 25.67, 0.46, 76.44, 41.45, 13.16, 66.26, 29.74, 38.82
38.56, 60.24, 47.77, 23.50, 94.53, 66.56, 83.31, 33.68, 35.98, 30.38
50.25, 16.03, 13.37, 90.14, 24.94, 89.79, 40.73, 96.25, 20.35, 31.13
61.65, 85.63, 19.79, 13.33, 28.68, 83.96, 48.69, 73.73, 43.31, 95.58
48.49, 69.15, 29.57, 37.75, 10.64, 10.90, 64.20, 53.41, 32.55, 30.32
57.27, 83.94, 21.13, 52.26, 19.23, 76.80, 17.34, 67.67, 44.44, 34.35
43.83, 37.77, 43.35, 76.13, 84.61, 41.21, 85.27, 25.68, 8.32, 42.87
31.08, 54.09, 89.61, 75.12, 92.89, 59.16, 22.39, 39.73, 27.36, 68.29
98.38, 81.49, 22.41, 93.17, 55.77, 35.45, 40.76, 70.01, 8.73, 51.24
81.12, 13.15, 41.44, 20.52, 10.79, 51.42, 53.75, 3.97, 73.12, 12.32
71.38, 27.87, 77.50, 11.95, 4.58, 77.01, 42.68, 62.01, 8.36, 22.76
29.62, 0.83, 26.44, 90.80, 36.94, 86.68, 32.33, 76.05, 69.69, 35.23
18.86, 39.46, 43.24, 44.01, 87.44, 52.70, 3.11, 23.64, 49.56, 83.33
92.17, 29.79, 77.40, 92.90, 48.79, 23.77, 21.48, 1.17, 25.97, 88.29
27.34, 41.53, 56.86, 43.77, 98.99, 48.67, 33.42, 16.83, 59.52, 91.74
20.86, 22.51, 25.31, 64.13, 55.43, 85.69, 1.52, 5.09, 89.00, 60.42
46.02, 94.50, 99.26, 45.54, 95.94, 67.52, 90.75, 26.51, 79.89, 14.37
77.20, 27.03, 72.65, 40.94, 87.44, 79.14, 90.49, 93.94, 70.03, 89.71
75.56, 87.99, 59.16, 61.55, 88.46, 95.59, 85.10, 80.61, 31.60, 37.20
37.70, 33.77, 85.23, 65.34, 6.13, 6.21, 95.01, 49.25, 7.26, 84.10
59.52, 28.61, 67.98, 99.45, 71.09, 4.41, 56.30, 50.64, 67.65, 91.38
21.47, 19.93, 78.86, 81.14, 7.12, 21.02, 7.09, 61.33, 85.55, 54.41
91.58, 85.88, 64.42, 59.39, 47.87, 5.01, 23.33, 12.80, 12.30, 27.36
20.69, 17.51, 87.99, 54.32, 75.04, 41.98, 71.94, 38.01, 79.01, 13.37
92.45, 8.00, 56.73, 51.89, 64.09, 38.25, 62.27, 66.58, 73.66, 66.04
65.58, 23.01, 80.82, 73.02, 49.24, 85.46, 7.97, 85.40, 77.60, 5.60
21.59, 52.39, 81.82, 98.40, 71.09, 82.97, 40.16, 0.34, 88.77, 20.41
49.80, 46.28, 37.16, 42.45, 19.87, 32.43, 73.16, 70.59, 54.93, 20.79
60.99, 60.09, 28.95, 94.64, 65.11, 17.84, 59.08, 35.02, 50.56, 32.16
96.39, 32.26, 66.17, 97.11, 67.44, 3.96, 86.78, 28.24, 18.48, 73.85
56.75, 75.80, 5.71, 99.99, 13.08, 78.40, 85.41, 39.58, 21.90, 56.04
93.13, 10.44, 21.39, 23.71, 77.04, 25.78, 78.36, 49.00, 45.85, 13.02
7.35, 62.55, 96.36, 8.72, 18.12, 40.35, 44.41, 23.44, 62.97, 58.73
46.56, 15.99, 36.20, 68.93, 17.13, 7.86, 48.78, 61.81, 8.13, 10.61
23.37, 14.52, 15.64, 17.24, 32.83, 6.26, 54.74, 20.56, 49.83, 69.65
93.63, 93.43, 15.63, 16.96, 98.78, 21.57, 96.04, 33.95, 82.15, 79.28
20.90, 39.66, 74.46, 16.13, 96.29, 6.88, 47.81, 31.69, 38.13, 55.50
40.74, 83.68, 8.91, 10.22, 29.33, 61.35, 61.29, 13.87, 95.30, 45.51
75.44, 17.51, 86.52, 25.33, 0.08, 11.95, 33.09, 16.11, 33.79, 20.72
62.34, 61.48, 66.81, 21.46, 47.19, 36.16, 88.61, 31.56, 74.62, 69.69
98.26, 3.19, 66.36, 52.26, 82.96, 71.02, 23.77, 2.91, 93.30, 56.70
71.18, 73.69, 94.15, 73.36, 80.34, 90.69, 79.40, 37.03, 12.76, 5.14
83.58, 99.15, 12.86, 75.82, 37.38, 17.01, 54.71, 61.78, 54.01, 87.29
31.61, 66.59, 10.95, 89.65, 36.37, 39.24, 29.88, 66.57, 94.29, 98.84
86.98, 43.29, 44.43, 74.19, 24.60, 1.04, 26.97, 78.76, 52.70, 87.97
8.25, 73.53, 13.26, 77.86, 12.93, 89.74, 86.03, 37.37, 7.48, 61.45
5.17, 70.50, 30.43, 33.20, 94.56, 68.56, 17.73, 56.77, 24.16, 19.89
88.10, 82.86, 75.36, 30.32, 35.93, 24.43, 98.19, 77.63, 81.96, 84.03
29.04, 61.09, 60.24, 62.90, 74.09, 60.28, 5.70, 11.88, 83.50, 72.49
98.01, 92.26, 44.00, 28.36, 57.61, 10.21, 88.41, 14.34, 33.96, 61.72
56.09, 30.82, 95.87, 45.53, 81.13, 51.00, 67.16, 38.98, 62.05, 73.42
63.18, 56.13, 70.05, 69.29, 39.31, 67.19, 95.14, 10.34, 70.31, 23.91
50.00, 98.58, 66.13, 47.98, 11.45, 48.73, 18.17, 76.13, 96.80, 49.56
54.37, 57.90, 16.04, 96.16, 73.49, 53.25, 70.65, 50.88, 7.28, 22.86
54.44, 30.18, 88.21, 50.05, 52.89, 38.32, 93.05, 33.79, 54.12, 53.80
47.87, 16.29, 33.25, 48.33, 94.97, 74.85, 19.92, 7.78, 17.07, 45.25
12.87, 70.21, 77.39, 74.93, 39.07, 47.26, 31.92, 8.78, 42.40, 74.26
45.69, 79.01, 9.18, 54.76, 97.34, 62.08, 43.69, 82.19, 15.84, 0.20
66.89, 18.13, 40.68, 47.77, 8.76, 21.45, 31.98, 55.56, 99.39, 5.31
66.88, 74.00, 53.57, 99.34, 69.80, 38.84, 91.65, 63.46, 20.23, 29.77
9.50, 14.79, 50.34, 49.52, 78.21, 27.86, 45.71, 86.49, 38.23, 51.70
67.27, 50.14, 84.65, 64.22, 66.44, 16.73, 74.01, 64.48, 21.10, 3.38
79.36, 30.74, 81.97, 78.42, 22.31, 15.42, 24.24, 15.27, 68.84, 83.30
66.41, 40.14, 96.97, 48.16, 52.86, 28.68, 17.49, 95.28, 20.01, 67.33
63.81, 88.58, 31.88, 36.42, 34.94, 61.97, 38.40, 42.85, 31.82, 48.80
96.10, 52.41, 15.86, 88.84, 22.10, 17.16, 25.95, 48.88, 39.33, 96.96
34.20, 98.76, 30.75, 66.43, 55.92, 42.39, 4.21, 82.70, 25.29, 75.91
9.87, 92.17, 53.51, 81.76, 30.51, 88.68, 77.82, 79.26, 33.78, 2.71
33.48, 22.38, 68.02, 42.28, 23.73, 31.93, 95.60, 13.30, 31.02, 61.18
71.33, 32.80, 11.43, 41.41, 24.26, 60.62, 41.98, 7.91, 82.26, 54.29
92.84, 81.51, 70.21, 50.37, 55.99, 3.21, 37.59, 50.10, 43.27, 85.25
41.08, 5.47, 44.12, 14.72, 31.43, 8.01, 36.13, 70.71, 31.25, 3.91
7.08, 18.53, 80.50, 93.52, 31.70, 62.57, 85.48, 19.15, 44.98, 59.84
18.45, 89.07, 53.43, 9.39, 75.21, 3.11, 57.87, 21.43, 88.14, 36.80
22.81, 18.47, 3.74, 22.98, 58.01, 38.15, 25.23, 84.08, 30.27, 37.21
85.09, 11.35, 3.54, 72.00, 36.69, 98.83, 88.03, 34.74, 32.94, 3.87
98.84, 19.04, 70.26, 61.52, 1.93, 76.76, 20.25, 7.07, 75.33, 94.84
95.03, 36.51, 67.17, 55.54, 62.21, 11.96, 86.75, 50.42, 3.46, 13.33
94.32, 94.43, 34.76, 80.04, 53.40, 97.78, 25.25, 44.08, 73.44, 68.90
88.88, 18.19, 51.40, 22.87, 39.59, 88.41, 24.17, 32.83, 36.70, 35.32
72.82, 67.76, 90.57, 12.97, 91.77, 15.92, 85.84, 58.10, 6.25, 6.68
67.51, 58.07, 58.40, 79.96, 82.78, 35.89, 45.67, 16.65, 30.22, 14.69
22.35, 49.67, 36.77, 77.20, 77.27, 2.47, 71.12, 34.15, 53.72, 62.67
17.81, 81.67, 46.25, 96.91, 98.01, 0.22, 68.18, 41.37, 88.17, 20.50
81.04, 62.84, 88.36, 59.12, 78.34, 11.91, 74.29, 50.34, 98.45, 10.81
24.62, 20.28, 34.38, 33.09, 70.56, 14.28, 67.40, 61.00, 21.05, 41.97
96.66, 97.17, 83.28, 12.00, 11.13, 12.56, 43.98, 17.23, 43.78, 46.46
86.99, 35.42, 80.74, 10.38, 28.52, 78.62, 61.77, 97.22, 69.18, 96.80
47.22, 99.23, 46.13, 61.02, 4.31, 93.09, 10.25, 50.44, 34.23, 33.77
58.89, 70.48, 42.22, 37.39, 80.32, 62.97, 21.81, 70.75, 6.97, 58.71
7.17, 31.91, 62.89, 95.41, 74.82, 39.03, 59.80, 78.64, 66.16, 79.91
94.43, 19.91, 61.80, 37.63, 58.29, 44.60, 94.82, 31.93, 72.05, 99.05
21.34, 51.42, 60.72, 79.22, 15.56, 27.30, 64.45, 6.57, 76.15, 14.38
25.01, 55.85, 95.20, 48.91, 0.77, 41.48, 32.65, 42.02, 86.16, 95.31
3.74, 95.00, 8.44, 41.28, 18.36, 90.25, 53.51, 93.22, 34.23, 37.95
76.51, 47.92, 61.16, 38.19, 27.69, 52.95, 42.12, 3.31, 80.54, 80.37
57.02, 94.17, 77.09, 41.83, 64.24, 23.35, 76.38, 13.97, 0.53, 13.50
0.80, 94.46, 99.11, 29.09, 70.57, 9.59, 55.85, 13.22, 17.57, 82.02
39.37, 1.42, 91.96, 74.71, 55.56, 29.38, 37.82, 68.03, 49.14, 87.58
75.41, 42.79, 59.82, 43.57, 40.35, 8.29, 63.06, 36.27, 44.33, 1.34
59.84, 14.50, 35.04, 86.53, 92.46, 60.82, 15.40, 80.87, 95.93, 79.88
31.94, 49.51, 13.39, 41.89, 63.25, 58.85, 20.87, 98.70, 28.66, 72.51
14.20, 38.45, 2.42, 36.40, 78.58, 81.97, 21.99, 1.60, 58.88, 28.36
18.64, 22.68, 59.16, 55.99, 13.22, 70.00, 79.48, 56.45, 67.62, 97.59
62.54, 50.38, 24.89, 77.36, 22.04, 51.63, 66.38, 32.92, 44.74, 33.52
52.27, 51.38, 86.37, 21.17, 22.47, 95.65, 12.99, 43.59, 48.77, 44.90
26.70, 6.34, 6.62, 55.20, 42.24, 50.81, 44.60, 53.90, 83.01, 62.94
53.59, 83.88, 56.97, 61.72, 51.89, 28.79, 69.40, 67.61, 54.13, 24.79
90.62, 8.84, 20.96, 5.07, 43.37, 49.26, 28.11, 37.00, 87.22, 1.04
97.52, 75.44, 55.79, 74.15, 76.80, 82.07, 90.25, 25.36, 18.37, 42.78
68.22, 56.17, 71.31, 2.12, 89.51, 86.64, 79.51, 67.67, 37.48, 23.86
60.72, 0.49, 76.82, 85.76, 50.80, 30.55, 60.12, 89.36, 34.91, 84.98
31.21, 74.86, 48.83, 39.51, 39.94, 69.19, 48.98, 95.76, 90.99, 98.53
57.73, 68.81, 98.15, 88.35, 59.82, 95.64, 76.70, 55.37, 92.38, 42.95
17.60, 98.17, 86.37, 78.64, 3.99, 46.28, 40.06, 57.01, 21.44, 30.23
60.60, 13.05, 3.94, 40.86, 73.23, 45.78, 54.70, 68.15, 65.92, 38.88
0.30, 22.37, 17.56, 24.18, 13.12, 60.26, 12.15, 30.12, 61.27, 55.36
42.43, 3.61, 73.86, 35.67, 56.15, 68.37, 67.01, 60.15, 9.85, 38.78
90.59, 38.95, 46.03, 19.92, 91.44, 58.24, 79.82, 23.95, 61.60, 35.01
20.87, 39.58, 31.09, 13.80, 5.89, 40.36, 28.62, 58.02, 38.13, 41.28
96.58, 6.21, 54.91, 87.66, 38.03, 77.56, 87.39, 54.76, 13.86, 60.66
71.01, 55.25, 88.43, 34.94, 4.64, 73.52, 36.49, 29.87, 25.91, 30.51
31.63, 59.33, 17.14, 49.70, 50.92, 93.85, 59.02, 27.85, 94.30, 41.50
39.31, 27.33, 90.45, 18.32, 82.45, 63.72, 67.58, 82.34, 29.21, 41.08
17.17, 97.65, 14.15, 31.68, 45.19, 58.79, 66.11, 88.29, 11.13, 78.23
9.12, 78.19, 99.57, 24.29, 97.35, 34.92, 31.22, 50.28, 19.11, 72.73
21.65, 55.61, 31.23, 93.90, 48.64, 7.58, 23.23, 42.41, 66.84, 75.28
79.14, 0.24, 36.45, 50.37, 98.68, 18.26, 98.36, 26.26, 69.28, 96.35
19.68, 57.27, 59.28, 62.27, 21.06, 56.03, 45.14, 71.09, 95.98, 85.95
14.00, 84.88, 97.16, 5.28, 10.97, 88.00, 85.36, 74.92, 61.31, 2.57
21.03, 71.54, 5.11, 12.31, 36.10, 60.15, 1.72, 77.32, 73.13, 97.41
21.40, 35.38, 24.40, 42.61, 99.23, 30.82, 25.74, 72.84, 59.64, 12.48
13.41, 30.53, 40.78, 48.33, 60.69, 21.41, 21.00, 9.89, 1.72, 82.98
70.31, 11.16, 8.16, 38.77, 70.80, 94.56, 85.50, 99.97, 60.07, 23.68
74.64, 19.56, 34.32, 45.61, 30.05, 29.21, 52.71, 23.90, 23.61, 63.59
80.77, 74.28, 14.53, 93.83, 2.68, 57.65, 34.46, 21.89, 64.82, 21.85
30.86, 68.24, 76.53, 89.09, 84.95, 64.40, 59.41, 30.58, 98.78, 87.87
28.38, 32.08, 43.80, 78.94, 80.82, 67.16, 53.88, 53.69, 88.21, 67.18
5.79, 50.92, 63.46, 66.80, 33.27, 5.97, 36.41, 53.95, 90.39, 92.88
31.66, 34.72, 46.79, 51.90, 78.76, 72.96, 43.73, 92.15, 32.73, 1.86
83.62, 54.17, 50.00, 90.87, 11.80, 51.86, 68.16, 63.29, 88.42, 57.80
21.58, 9.20, 24.07, 63.06, 91.58, 5.97, 90.78, 71.56, 61.84, 31.91
15.68, 57.18, 95.06, 47.07, 42.92, 46.45, 30.77, 19.72, 81.70, 2.08
41.40, 14.29, 22.77, 66.88, 91.32, 63.57, 20.12, 3.67, 14.73, 84.27
95.82, 19.23, 80.76, 46.78, 82.91, 68.69, 67.47, 11.35, 63.86, 84.28
20.88, 72.42, 97.16, 21.17, 4.83, 13.06, 61.46, 72.47, 47.87, 26.97
37.97, 42.95, 91.94, 73.77, 25.76, 8.77, 77.64, 23.75, 90.81, 60.40
52.10, 50.10, 12.63, 38.58, 56.67, 7.37, 18.43, 61.78, 9.62, 46.30
97.07, 98.62, 25.86, 15.97, 41.05, 11.21, 14.41, 56.46, 6.14, 78.75
67.82, 71.00, 19.95, 59.32, 68.05, 66.55, 9.29, 70.59, 18.09, 52.12
82.12, 30.64, 59.20, 33.67, 45.84, 44.32, 56.98, 8.64, 25.92, 87.33
23.50, 29.96, 78.96, 39.54, 60.55, 7.68, 17.52, 51.23, 60.11, 72.32
49.74, 37.77, 32.47, 70.84, 88.48, 66.08, 27.23, 68.88, 29.43, 44.28
68.17, 92.56, 66.93, 1.97, 26.84, 48.50, 94.18, 32.88, 25.11, 79.45
23.90, 78.98, 84.15, 0.75, 82.24, 42.83, 61.72, 69.00, 51.18, 41.20
13.74, 22.43, 61.74, 99.64, 92.91, 1.70, 20.73, 84.05, 95.61, 34.48
15.79, 77.60, 85.62, 56.80, 13.23, 53.79, 85.90, 66.80, 72.30, 31.67
35.30, 60.82, 62.13, 52.77, 25.74, 76.85, 60.92, 65.53, 7.43, 83.41
17.55, 41.13, 44.12, 58.86, 28.66, 96.81, 24.74, 30.18, 82.64, 41.12
29.71, 83.85, 12.87, 35.96, 73.48, 56.99, 93.39, 84.02, 8.27, 76.19
20.55, 57.08, 51.01, 63.87, 90.79, 2.87, 34.77, 26.36, 3.57, 17.82
43.46, 65.32, 7.34, 10.90, 44.78, 43.72, 34.37, 57.64, 4.68, 81.91
59.93, 62.86, 42.88, 78.40, 39.68, 57.68, 38.86, 93.30, 38.27, 81.52
47.69, 24.01, 57.62, 39.74, 64.18, 8.97, 47.23, 56.11, 95.64, 0.70
82.22, 58.95, 69.16, 20.21, 58.95, 79.11, 57.15, 54.09, 48.95, 49.14
39.87, 68.68, 67.86, 17.07, 39.40, 85.81, 52.81, 8.60, 27.84, 49.91
53.67, 8.06, 34.61, 9.26, 66.74, 4.08, 89.72, 5.54, 54.35, 73.00
21.28, 31.47, 15.55, 3.75, 85.23, 90.23, 32.19, 9.90, 75.68, 61.38
16.55, 64.21, 88.34, 59.30, 97.87, 42.49, 76.84, 43.33, 18.91, 53.47
9.89, 54.52, 51.26, 35.73, 31.46, 65.13, 87.69, 52.84, 41.86, 63.67
53.07, 93.82, 31.01, 95.66, 6.71, 93.92, 25.88, 88.05, 56.59, 36.62
57.11, 61.07, 6.11, 11.94, 89.40, 41.33, 53.22, 89.10, 8.88, 24.68
72.59, 94.08, 3.82, 36.21, 3.11, 7.90, 66.59, 32.63, 85.97, 87.56
81.07, 36.51, 27.66, 10.03, 41.81, 52.23, 33.10, 91.82, 37.58, 18.42
7.87, 98.04, 18.66, 55.63, 69.46, 68.50, 99.46, 67.53, 94.68, 3.21
27.62, 62.38, 35.72, 65.07, 21.02, 2.05, 80.23, 75.04, 77.61, 62.49
22.90, 46.26, 19.28, 22.06, 96.47, 12.05, 0.31, 27.90, 53.00, 65.22
4.94, 33.73, 5.17, 14.71, 80.19, 55.43, 13.72, 3.34, 99.63, 74.05
5.94, 92.75, 95.28, 67.82, 88.94, 56.78, 20.63, 91.07, 50.31, 27.29
62.27, 95.01, 93.00, 63.59, 76.26, 65.06, 73.61, 51.86, 17.20, 65.09
49.43, 9.54, 87.55, 36.65, 16.68, 66.17, 62.09, 25.17, 82.98, 67.43
76.67, 65.89, 84.73, 64.64, 72.38, 72.48, 97.48, 14.23, 31.89, 84.47
28.50, 24.28, 95.95, 65.47, 68.26, 3.15, 62.00, 1.32, 73.43, 40.48
47.63, 32.78, 72.50, 73.26, 78.12, 91.30, 80.83, 84.30, 32.80, 40.59
90.15, 29.20, 26.76, 39.61, 49.22, 85.07, 28.05, 36.37, 39.65, 25.22
43.96, 64.39, 56.00, 29.08, 66.78, 15.11, 81.22, 8.05, 26.54, 68.69
84.44, 23.72, 71.48, 27.04, 14.06, 25.68, 13.57, 42.03, 58.98, 88.65
59.55, 25.92, 2.00, 30.00, 67.22, 33.31, 73.42, 77.02, 26.49, 79.87
59.36, 17.57, 1.54, 90.31, 24.08, 77.40, 82.40, 14.77, 7.51, 0.38
79.02, 89.85, 38.40, 2.32, 43.70, 54.57, 77.56, 56.22, 65.63, 8.46
13.61, 35.98, 13.03, 28.99, 36.39, 89.86, 30.16, 46.21, 79.63, 98.36
81.00, 13.17, 91.97, 76.36, 93.42, 0.26, 43.06, 96.05, 42.84, 9.87
24.11, 24.28, 56.60, 14.44, 26.07, 68.80, 33.22, 74.98, 56.83, 45.83
50.44, 9.97, 46.64, 11.38, 78.99, 96.42, 75.36, 59.14, 99.01, 74.91
4.81, 66.17, 75.16, 65.58, 58.94, 94.41, 39.35, 65.58, 65.26, 61.37
28.26, 90.16, 74.75, 80.82, 7.91, 88.84, 47.98, 43.93, 22.47, 64.42
38.62, 40.83, 65.54, 15.25, 50.27, 32.11, 28.52, 15.13, 58.36, 89.19
92.68, 0.39, 34.53, 57.52, 0.95, 5.07, 41.81, 47.03, 26.95, 39.59
38.71, 55.20, 15.36, 85.98, 58.18, 10.16, 53.34, 55.55, 71.97, 60.55
72.61, 80.67, 24.10, 42.90, 95.66, 62.45, 67.99, 16.38, 43.97, 66.14
47.04, 93.20, 92.01, 30.02, 56.74, 71.11, 15.48, 89.45, 40.16, 45.75
95.92, 61.32, 44.29, 22.11, 47.89, 98.74, 17.15, 40.06, 79.19, 78.41
0.16, 5.95, 18.80, 17.16, 30.21, 75.97, 27.90, 72.39, 23.72, 61.43
53.32, 42.74, 29.86, 14.52, 63.82, 90.81, 49.40, 85.88, 97.41, 44.28
50.36, 41.23, 81.48, 55.91, 21.60, 33.49, 91.66, 14.48, 87.04, 54.31
39.82, 70.10, 21.00, 37.00, 52.03, 66.99, 49.16, 81.05, 59.56, 3.05
7.81, 77.54, 62.10, 25.32, 38.21, 52.97, 39.86, 1.76, 48.42, 19.11
65.18, 55.68, 62.32, 6.85, 48.30, 50.04, 83.10, 34.37, 10.57, 32.13
78.36, 78.73, 40.78, 15.59, 46.23, 31.06, 18.77, 41.32, 92.65, 36.95
82.25, 11.89, 54.16, 56.26, 25.86, 52.24, 4.25, 18.54, 3.97, 88.36
45.49, 19.14, 45.76, 23.75, 64.08, 42.07, 35.33, 42.42, 35.97, 9.52
15.42, 45.20, 54.50, 89.44, 93.91, 94.69, 96.05, 13.35, 34.29, 16.54
98.94, 10.40, 74.95, 74.00, 66.45, 31.52, 68.34, 83.86, 68.37, 83.12
49.34, 87.21, 0.33, 71.11, 18.09, 60.10, 66.79, 70.66, 14.54, 40.41
81.37, 27.85, 38.93, 48.40, 12.58, 5.89, 74.48, 45.24, 97.52, 40.01
43.71, 32.38, 22.92, 14.25, 60.03, 55.05, 97.79, 37.05, 36.36, 76.33
78.24, 42.65, 59.48, 62.47, 33.86, 87.81, 67.74, 48.27, 15.77, 28.21
78.43, 21.57, 33.23, 75.47, 22.90, 71.86, 58.51, 8.26, 60.92, 91.30
46.13, 49.16, 10.21, 2.20, 4.65, 8.57, 33.28, 78.44, 78.29, 39.71
54.21, 60.68, 56.90, 61.27, 42.75, 31.03, 43.13, 36.78, 52.72, 48.26
98.94, 59.78, 48.72, 42.57, 60.59, 59.27, 87.42, 73.89, 11.95, 84.35
43.54, 1.46, 63.46, 60.33, 69.93, 3.24, 20.89, 74.04, 98.15, 41.12
23.32, 52.12, 11.14, 39.37, 58.06, 18.88, 40.29, 60.25, 82.20, 56.09
31.62, 76.04, 83.19, 91.03, 31.23, 11.28, 87.33, 77.91, 73.00, 75.35
54.00, 76.43, 45.14, 66.84, 76.50, 52.95, 51.65, 95.56, 61.44, 63.36
74.94, 6.45, 84.72, 20.60, 89.35, 80.16, 62.87, 28.98, 25.37, 50.58
27.96, 28.71, 98.21, 94.78, 7.08, 27.55, 19.92, 37.85, 76.91, 2.87
92.12, 77.45, 62.97, 89.23, 21.57, 48.93, 87.51, 98.54, 99.86, 98.48
12.11, 91.60, 32.24, 5.95, 92.06, 86.61, 70.53, 82.08, 41.47, 13.19
65.78, 12.75, 96.19, 28.06, 87.88, 49.60, 48.94, 79.08, 71.69, 41.96
11.98, 23.81, 20.27, 99.08, 20.19, 62.91, 4.48, 40.03, 26.06, 1.57
70.30, 86.00, 74.98, 35.18, 89.07, 89.31, 47.63, 33.83, 39.92, 80.25
45.45, 56.70, 6.97, 78.84, 47.26, 96.03, 51.52, 63.55, 14.05, 4.87
70.75, 5.49, 82.77, 33.75, 53.05, 79.66, 21.15, 39.90, 66.45, 0.18
21.28, 31.95, 77.52, 2.00, 40.12, 36.83, 72.97, 55.54, 69.84, 78.08
14.37, 82.82, 67.91, 0.24, 86.30, 85.12, 21.77, 50.20, 0.02, 69.66
38.84, 87.75, 16.33, 72.33, 63.25, 4.59, 66.79, 20.41, 68.10, 42.51
51.71, 16.68, 69.15, 90.28, 59.34, 71.53, 25.38, 51.55, 82.93, 22.03
93.88, 81.20, 10.35, 61.35, 88.53, 23.18, 7.93, 23.85, 60.00, 29.61
61.98, 25.87, 71.21, 58.90, 3.05, 56.41, 3.35, 44.60, 31.37, 50.05
75.01, 61.87, 82.99, 52.82, 26.39, 83.13, 71.78, 48.63, 13.86, 29.03
8.48, 65.83, 66.57, 76.49, 59.82, 69.93, 0.39, 34.64, 19.52, 3.06
27.32, 88.59, 4.39, 72.35, 84.74, 15.48, 23.24, 30.47, 44.67, 90.50
65.31, 42.07, 56.81, 5.25, 40.94, 1.46, 86.34, 23.38, 59.50, 54.11
79.39, 72.59, 73.74, 46.68, 18.51, 9.14, 59.02, 59.54, 67.63, 93.75
49.39, 36.98, 50.30, 23.95, 98.91, 28.88, 85.79, 11.84, 95.99, 53.32
31.32, 57.79, 84.23, 27.01, 45.60, 21.74, 88.11, 75.61, 57.00, 59.83
67.74, 83.67, 17.37, 81.02, 54.49, 8.90, 65.23, 96.93, 14.19, 3.16
66.11, 46.34, 63.06, 68.86, 34.48, 24.69, 78.98, 64.42, 84.09, 65.22
18.98, 51.86, 7.19, 2.60, 42.28, 43.56, 81.01, 87.52, 92.50, 10.67
16.05, 28.10, 25.33, 20.18, 30.14, 3.99, 80.51, 44.77, 38.37, 19.28
17.45, 62.04, 26.17, 37.31, 34.34, 44.13, 69.94, 22.04, 85.23, 19.56
84.10, 24.68, 55.46, 48.20, 72.80, 54.23, 23.82, 17.01, 93.05, 62.73
90.86, 72.65, 4.20, 25.63, 29.22, 49.58, 69.54, 61.02, 14.06, 83.49
9.33, 76.77, 67.51, 64.93, 36.82, 84.28, 41.76, 97.32, 27.83, 20.41
33.62, 22.60, 11.15, 67.14, 80.86, 92.85, 90.44, 78.79, 86.76, 71.10
97.92, 95.31, 11.96, 41.55, 40.73, 21.08, 67.66, 40.53, 84.88, 58.69
95.57, 10.46, 2.47, 13.71, 67.61, 78.06, 83.93, 88.35, 94.80, 65.43
45.21, 21.99, 0.99, 87.35, 69.92, 0.37, 87.23, 8.83, 23.78, 65.24
85.45, 70.88, 92.40, 3.75, 46.63, 54.17, 92.01, 99.23, 1.53, 1.02
85.77, 19.01, 97.24, 19.44, 9.08, 21.27, 83.29, 8.79, 40.06, 21.87
86.99, 0.52, 68.49, 91.93, 4.94, 77.50, 22.68, 57.92, 70.81, 63.28
87.33, 69.77, 76.20, 65.20, 57.52, 61.53, 21.73, 51.82, 99.63, 54.30
48.35, 42.97, 61.94, 99.54, 6.27, 17.52, 43.55, 84.30, 29.54, 13.09
95.97, 25.56, 27.57, 61.87, 40.47, 91.65, 17.95, 47.06, 20.17, 25.32
64.08, 1.72, 50.56, 78.61, 53.84, 67.34, 41.77, 90.81, 23.18, 42.70
61.93, 78.13, 50.13, 33.38, 62.11, 16.81, 38.80, 42.15, 24.14, 16.33
38.07, 44.86, 63.62, 13.20, 62.30, 49.47, 67.12, 8.25, 4.66, 20.44
60.69, 38.14, 44.29, 91.03, 36.07, 28.53, 30.58, 38.82, 91.25, 48.26
27.14, 42.87, 61.93, 80.24, 62.24, 36.58, 37.13, 71.50, 98.00, 51.47
77.96, 57.36, 95.75, 5.31, 47.13, 62.38, 41.56, 61.08, 73.97, 92.38
7.41, 87.96, 97.50, 43.29, 34.31, 82.66, 10.47, 70.37, 53.38, 71.25
98.10, 88.75, 68.86, 46.93, 82.16, 64.16, 0.94, 6.82, 19.07, 79.85
1.86, 8.73, 33.37, 12.09, 7.92, 94.23, 24.70, 75.46, 15.24, 11.89
98.02, 40.13, 65.28, 66.93, 87.90, 69.90, 22.61, 58.87, 0.81, 10.31
8.85, 29.91, 56.46, 82.50, 19.10, 92.36, 25.61, 30.72, 12.53, 20.40
71.73, 89.99, 18.43, 61.30, 91.86, 21.85, 48.92, 49.65, 24.72, 90.18
23.99, 21.12, 57.11, 77.47, 16.58, 15.90, 65.57, 41.02, 14.77, 98.25
71.62, 21.79, 27.10, 17.41, 31.30, 97.62, 32.33, 80.62, 7.98, 80.73
25.17, 79.45, 71.54, 83.17, 26.17, 2.26, 37.81, 22.06, 64.06, 22.36
11.49, 64.31, 41.21, 79.62, 34.34, 89.54, 34.44, 95.22, 12.75, 30.75
27.48, 93.66, 44.83, 62.28, 72.55, 54.18, 21.18, 63.26, 33.37, 34.33
96.99, 35.09, 38.64, 31.66, 23.12, 83.28, 52.83, 51.22, 14.08, 34.28
41.68, 72.50, 15.41, 17.73, 30.48, 86.39, 20.63, 33.88, 31.25, 37.83
70.10, 99.16, 92.66, 24.19, 97.89, 99.10, 30.95, 36.15, 1.36, 36.78
54.88, 63.50, 60.13, 59.03, 72.92, 44.69, 79.81, 32.02, 27.10, 16.87
30.48, 60.41, 78.64, 99.52, 40.36, 23.91, 76.25, 4.53, 93.15, 26.54
23.22, 48.52, 64.23, 71.97, 55.18, 21.56, 37.78, 35.53, 72.02, 33.97
86.00, 75.56, 17.02, 77.22, 40.40, 16.87, 97.66, 65.80, 75.72, 12.37
65.13, 1.70, 98.89, 4.06, 89.00, 94.20, 40.28, 86.26, 6.88, 63.78
21.12, 4.48, 97.69, 99.19, 13.14, 55.72, 73.26, 90.05, 5.49, 92.13
8.86, 74.88, 55.23, 94.69, 62.63, 67.50, 81.01, 71.06, 90.63, 76.51
73.70, 57.96, 41.62, 77.87, 46.24, 49.04, 60.51, 43.57, 0.00, 54.55
72.33, 7.09, 14.97, 77.50, 36.55, 27.48, 16.54, 19.06, 15.58, 47.48
11.59, 96.53, 27.27, 76.29, 71.55, 75.09, 38.06, 17.40, 32.85, 85.38
73.26, 68.36, 55.12, 64.90, 6.44, 75.23, 50.96, 34.17, 65.53, 27.80
93.96, 98.69, 64.55, 45.33, 61.17, 10.66, 23.52, 71.24, 62.99, 66.06
16.84, 31.21, 63.67, 35.73, 74.08, 13.17, 32.77, 45.98, 80.16, 3.86
18.33, 72.48, 60.95, 78.42, 61.04, 60.76, 97.97, 55.43, 50.45, 27.18
96.79, 61.80, 49.96, 6.88, 32.83, 12.36, 46.12, 2.39, 26.57, 66.37
64.78, 25.61, 12.54, 46.05, 27.11, 29.39, 64.95, 25.74, 98.13, 67.12
88.69, 87.31, 37.43, 56.91, 51.96, 68.07, 27.45, 49.32, 52.78, 50.05
88.15, 30.63, 62.63, 14.39, 9.32, 15.52, 32.78, 36.84, 47.95, 53.25
40.30, 86.16, 34.21, 36.49, 48.19, 33.02, 8.17, 48.18, 3.68, 77.73
46.28, 18.35, 50.90, 73.41, 66.70, 99.75, 68.30, 24.36, 21.30, 88.41
24.80, 77.89, 96.39, 45.88, 42.07, 93.62, 0.94, 16.09, 42.63, 98.38
93.31, 56.10, 36.85, 27.05, 1.43, 60.53, 73.70, 74.83, 88.09, 36.57
0.01, 64.62, 9.10, 2.51, 37.63, 49.32, 76.63, 34.17, 50.31, 45.34
55.85, 42.53, 37.27, 91.61, 26.29, 39.76, 7.05, 32.50, 31.51, 60.89
64.14, 70.48, 80.83, 7.29, 45.58, 59.10, 54.36, 35.41, 96.68, 99.31
30.96, 98.33, 26.22, 91.54, 28.02, 58.48, 57.19, 98.59, 93.67, 70.95
26.10, 7.48, 36.29, 3.26, 40.18, 98.70, 9.82, 43.41, 26.83, 42.71
84.23, 51.67, 42.68, 44.42, 47.30, 91.85, 33.74, 75.60, 35.55, 56.65
98.23, 74.73, 55.51, 12.55, 17.88, 81.37, 17.53, 58.29, 75.25, 82.37
49.67, 44.36, 94.34, 57.35, 68.90, 75.24, 79.93, 15.50, 81.97, 6.66
47.62, 54.73, 64.26, 42.80, 73.75, 89.16, 20.05, 56.74, 93.12, 87.26
25.24, 67.60, 4.81, 4.21, 12.96, 39.12, 5.05, 67.76, 91.65, 8.53
61.04, 82.57, 69.79, 79.51, 87.06, 8.98, 98.31, 46.43, 32.03, 64.88
16.68, 64.36, 85.43, 23.68, 52.14, 95.66, 67.95, 50.96, 48.19, 35.26
33.15, 72.63, 13.97, 17.03, 98.64, 96.15, 21.86, 19.53, 69.85, 42.07
93.10, 11.99, 16.04, 31.74, 17.97, 4.19, 65.24, 7.59, 81.31, 49.78
42.30, 78.18, 77.49, 6.11, 77.35, 83.00, 58.41, 82.89, 10.50, 8.24
97.36, 47.77, 71.70, 63.09, 19.20, 19.87, 74.54, 97.35, 62.36, 99.08
55.01, 16.11, 92.55, 48.06, 44.90, 7.90, 5.19, 61.02, 0.80, 16.11
18.61, 5.45, 35.68, 7.37, 21.82, 17.72, 13.19, 34.09, 20.31, 25.45
2.27, 3.61, 18.84, 11.64, 86.56, 92.04, 46.88, 53.96, 32.93, 17.49
85.15, 93.15, 63.85, 56.81, 16.12, 89.97, 0.25, 1.15, 8.67, 86.70
12.18, 74.48, 44.52, 23.20, 29.12, 27.96, 21.36, 93.10, 72.92, 36.07
94.42, 95.66, 16.37, 76.88, 44.08, 13.79, 48.03, 91.04, 9.82, 7.42
76.30, 66.71, 90.09, 63.88, 36.47, 74.05, 7.32, 92.86, 7.64, 8.32
21.18, 38.01, 36.24, 60.48, 79.86, 86.36, 76.50, 75.83, 51.46, 79.91
40.64, 55.92, 68.40, 91.08, 70.69, 16.67, 46.17, 61.11, 96.89, 18.23
46.80, 99.81, 1.18, 65.09, 90.94, 18.24, 55.99, 12.51, 60.11, 45.47
4.98, 70.16, 16.35, 71.07, 70.31, 4.15, 32.31, 10.85, 4.18, 89.17
21.03, 62.87, 99.95, 98.88, 2.01, 27.57, 52.94, 19.79, 86.07, 72.14
47.17, 79.05, 68.18, 52.22, 60.09, 54.65, 95.64, 28.49, 85.34, 99.08
79.50, 96.45, 32.97, 74.85, 21.58, 24.56, 46.92, 75.27, 20.40, 45.31
24.83, 5.10, 22.46, 4.07, 75.67, 8.94, 42.60, 36.40, 2.21, 85.54
67.50, 3.56, 3.64, 74.44, 86.40, 22.67, 89.59, 89.38, 95.08, 0.97
4.69, 75.92, 56.90, 86.80, 36.88, 74.84, 59.26, 68.16, 53.44, 64.28
86.54, 2.64, 42.99, 30.26, 5.27, 48.49, 75.21, 60.48, 70.97, 32.76
0.01, 78.41, 31.01, 61.50, 93.14, 88.82, 83.00, 84.99, 48.13, 20.47
22.77, 0.60, 78.40, 7.08, 6.81, 44.90, 57.23, 21.16, 49.85, 0.38
28.73, 99.33, 75.63, 63.01, 24.08, 81.98, 80.97, 39.38, 81.32, 73.15
45.49, 85.81, 8.18, 18.58, 84.91, 91.22, 42.23, 40.58, 41.85, 25.51
78.55, 86.91, 65.29, 12.05, 94.65, 42.24, 5.19, 23.08, 66.77, 10.94
75.05, 40.34, 24.66, 35.03, 26.48, 45.16, 35.36, 60.28, 92.21, 72.80
52.92, 53.22, 41.65, 42.31, 71.29, 76.85, 11.51, 97.30, 33.48, 69.84
73.75, 91.20, 26.52, 25.50, 58.39, 64.56, 42.07, 29.98, 60.46, 69.29
80.72, 44.42, 44.54, 42.28, 67.87, 77.74, 29.45, 93.49, 83.60, 22.98
62.51, 83.61, 44.86, 96.68, 47.06, 33.72, 82.26, 11.36, 37.64, 44.85
18.51, 30.51, 88.54, 69.25, 10.95, 56.54, 19.20, 17.88, 70.70, 42.14
99.34, 99.81, 25.30, 78.55, 58.18, 22.39, 95.03, 88.33, 84.72, 16.98
61.28, 30.45, 79.62, 57.48, 8.46, 91.05, 67.06, 15.19, 84.44, 37.88
53.78, 11.99, 75.67, 7.48, 47.63, 32.86, 98.30, 45.42, 9.55, 3.56
58.10, 46.03, 61.03, 13.03, 19.07, 44.13, 54.36, 69.98, 73.89, 1.78
6.09, 83.47, 20.17, 27.61, 47.75, 8.52, 73.15, 23.62, 62.29, 8.07
93.38, 1.19, 89.44, 81.39, 43.38, 53.38, 17.32, 42.44, 41.68, 88.56
61.97, 36.47, 4.63, 9.97, 0.55, 72.31, 96.64, 16.40, 92.37, 79.47
0.41, 10.41, 84.00, 11.78, 10.08, 86.70, 98.49, 36.93, 95.98, 36.02
46.13, 1.07, 69.83, 35.24, 8.40, 53.64, 8.28, 36.70, 98.56, 21.12
63.29, 59.21, 30.62, 59.14, 73.01, 60.24, 49.57, 89.30, 8.21, 80.93
2.41, 73.47, 38.02, 82.60, 59.41, 31.08, 79.19, 9.06, 87.11, 85.10
79.32, 38.52, 49.41, 77.70, 71.34, 19.50, 0.11, 85.53, 86.89, 40.95
25.20, 68.93, 2.07, 98.28, 12.42, 19.00, 62.45, 9.19, 62.58, 11.76
78.26, 29.43, 36.38, 13.00, 81.56, 13.68, 71.83, 4.88, 80.54, 29.96
50.34, 24.92, 79.29, 95.92, 27.03, 86.94, 15.29, 85.77, 67.37, 79.36
4.46, 77.98, 51.35, 69.30, 35.74, 66.87, 40.64, 27.88, 67.49, 53.88
35.59, 27.39, 50.96, 2.02, 20.43, 26.29, 43.00, 94.84, 85.77, 84.36
50.42, 50.39, 66.00, 3.90, 21.06, 14.72, 77.43, 77.48, 68.37, 87.40
37.41, 71.80, 70.06, 56.51, 0.05, 35.63, 87.54, 11.70, 60.55, 93.52
91.14, 90.99, 98.59, 85.73, 79.60, 14.18, 8.86, 66.96, 44.75, 87.41
30.83, 28.95, 98.97, 91.50, 16.83, 78.65, 56.49, 13.00, 16.60, 80.84
25.46, 88.86, 62.67, 95.71, 30.15, 26.44, 90.27, 17.20, 70.53, 11.70
5.99, 91.07, 93.35, 60.97, 63.15, 76.74, 73.13, 99.79, 67.24, 51.51
4.19, 14.44, 37.86, 82.56, 8.42, 84.11, 29.43, 80.39, 27.16, 59.29
70.82, 94.27, 4.52, 79.04, 21.59, 44.02, 30.40, 96.37, 40.35, 46.24
49.56, 0.47, 77.48, 91.71, 89.50, 14.40, 58.74, 29.33, 45.91, 98.27
53.55, 30.93, 64.00, 40.96, 77.10, 74.01, 20.98, 43.54, 57.21, 59.33
8.29, 42.71, 21.93, 47.55, 75.38, 93.28, 53.94, 84.02, 6.60, 76.39
16.60, 82.52, 28.53, 38.58, 14.83, 21.33, 78.90, 66.85, 74.63, 78.44
44.59, 5.21, 14.87, 53.75, 66.54, 81.71, 56.37, 26.49, 17.53, 65.03
98.30, 41.30, 50.10, 9.35, 19.40, 66.54, 77.57, 8.06, 95.33, 45.60
55.04, 65.32, 61.58, 20.34, 74.57, 4.78, 41.03, 43.97, 38.40, 43.46
92.89, 82.39, 48.83, 95.97, 39.33, 60.55, 28.87, 1.03, 77.49, 81.30
90.57, 61.02, 10.94, 4.95, 91.29, 17.86, 19.90, 23.49, 42.03, 26.52
56.78, 82.92, 2.44, 49.23, 47.71, 83.34, 7.39, 76.80, 34.99, 51.16
12.36, 91.97, 5.93, 4.45, 9.86, 19.48, 61.52, 77.38, 86.93, 93.08
54.15, 41.45, 17.33, 32.62, 28.08, 99.18, 56.34, 1.08, 34.43, 61.95
23.69, 89.78, 59.24, 9.36, 83.04, 82.72, 28.83, 77.18, 45.91, 48.83
52.65, 79.19, 79.22, 94.41, 16.38, 16.39, 56.10, 89.79, 32.95, 47.11
62.03, 76.33, 78.42, 10.36, 32.59, 13.08, 73.27, 42.96, 26.76, 7.98
55.01, 38.50, 94.38, 30.42, 17.97, 19.13, 46.96, 3.03, 56.36, 24.68
15.06, 28.29, 57.56, 79.94, 75.03, 17.63, 1.75, 95.58, 14.16, 77.83
87.56, 14.23, 37.72, 77.43, 39.28, 13.41, 27.86, 52.38, 25.38, 78.52
23.45, 49.27, 43.75, 16.23, 7.20, 78.51, 55.72, 17.59, 57.36, 12.54
24.60, 60.73, 4.47, 71.32, 77.99, 36.38, 74.95, 78.14, 31.02, 61.60
25.07, 81.09, 44.18, 42.20, 18.48, 41.07, 28.42, 33.04, 17.58, 89.11
10.26, 33.08, 67.71, 69.38, 53.59, 50.45, 94.37, 37.16, 13.80, 32.64
74.36, 45.98, 99.87, 22.42, 80.35, 74.91, 9.24, 67.65, 82.02, 96.38
21.26, 83.24, 23.86, 0.75, 97.43, 87.42, 38.63, 35.17, 32.08, 34.37
63.95, 94.50, 76.80, 88.81, 37.59, 2.99, 91.15, 43.83, 88.25, 90.63
27.60, 46.28, 40.43, 50.74, 21.65, 30.72, 98.59, 52.67, 86.39, 77.15
19.94, 78.43, 12.42, 63.57, 46.70, 42.78, 69.26, 80.05, 65.38, 4.74
90.39, 72.06, 42.68, 44.79, 20.32, 80.07, 79.26, 39.97, 74.61, 38.96
43.92, 81.88, 94.54, 14.99, 73.67, 48.10, 48.84, 41.06, 26.87, 55.95
91.95, 58.93, 58.00, 72.60, 33.49, 74.82, 68.34, 92.54, 38.42, 30.48
79.86, 29.03, 43.46, 23.10, 75.69, 47.17, 56.09, 55.52, 88.66, 98.73
4.77, 58.30, 26.64, 63.54, 80.67, 70.79, 39.06, 47.57, 35.04, 41.46
55.49, 44.99, 28.71, 94.49, 24.30, 43.47, 35.73, 65.73, 13.15, 0.92
40.49, 61.96, 80.65, 1.15, 46.02, 56.97, 8.70, 6.37, 79.12, 75.24
34.88, 67.78, 75.58, 95.62, 37.21, 34.59, 15.20, 45.28, 30.52, 60.25
73.62, 69.32, 53.45, 96.31, 69.14, 73.26, 3.86, 32.76, 22.59, 9.73
32.75, 13.01, 63.47, 95.76, 41.57, 91.27, 53.42, 66.20, 22.50, 41.41
85.10, 7.58, 52.70, 96.67, 64.98, 46.73, 23.38, 18.48, 62.04, 15.16
94.17, 7.24, 40.81, 73.52, 33.82, 25.51, 55.80, 69.81, 75.89, 63.74
3.35, 90.40, 47.93, 20.03, 56.43, 76.49, 91.92, 62.75, 33.37, 70.40
2.56, 60.16, 76.90, 91.38, 27.83, 59.27, 79.92, 96.71, 10.84, 56.43
70.92, 70.47, 92.10, 30.10, 35.29, 94.37, 65.45, 26.69, 45.12, 95.98
86.59, 81.22, 98.93, 26.18, 24.33, 11.82, 73.00, 91.85, 34.43, 86.33
57.25, 52.32, 50.91, 46.33, 84.57, 23.45, 77.46, 95.53, 41.11, 41.49
14.01, 74.77, 5.56, 3.35, 2.70, 92.60, 18.20, 98.78, 81.16, 26.23
22.92, 34.44, 5.40, 13.77, 12.93, 0.28, 6.79, 97.46, 7.81, 73.83
7.67, 15.17, 1.78, 7.04, 99.38, 96.11, 80.62, 18.18, 95.39, 5.73
86.68, 54.51, 4.39, 56.93, 83.71, 26.22, 49.75, 4.46, 33.52, 87.55
49.08, 57.41, 10.95, 96.62, 22.44, 88.88, 30.17, 89.29, 87.94, 22.97
38.63, 47.86, 62.39, 48.47, 12.56, 41.68, 0.31, 33.84, 51.67, 52.80
1.49, 39.03, 10.26, 17.46, 32.93, 67.51, 31.82, 50.46, 0.51, 92.58
53.44, 16.14, 6.63, 75.58, 19.55, 78.09, 78.49, 21.40, 48.81, 8.46
20.33, 67.56, 36.63, 1.10, 56.14, 88.94, 72.02, 87.46, 8.69, 68.12
13.15, 72.96, 22.73, 1.33, 27.05, 9.38, 91.90, 39.75, 27.90, 32.28
30.98, 50.01, 56.11, 13.68, 69.73, 33.90, 59.35, 56.08, 33.75, 11.76
41.56, 44.26, 85.21, 50.29, 26.41, 11.57, 89.22, 66.51, 69.39, 70.13
52.36, 42.39, 87.48, 87.15, 41.94, 69.42, 92.13, 85.43, 73.66, 58.01
57.57, 71.76, 70.40, 37.55, 96.48, 66.90, 33.22, 65.39, 10.85, 24.87
60.25, 54.86, 68.61, 76.47, 28.91, 2.45, 63.77, 33.42, 60.19, 53.37
55.03, 68.49, 96.93, 0.16, 74.91, 55.32, 31.56, 76.17, 78.19, 84.92
52.32, 5.87, 44.51, 51.51, 37.88, 5.40, 81.51, 44.63, 78.19, 99.85
1.49, 57.35, 43.80, 24.67, 85.94, 29.64, 2.25, 25.03, 54.07, 27.96
77.04, 28.58, 17.79, 86.12, 8.78, 70.27, 34.02, 75.77, 67.98, 7.01
97.81, 44.75, 65.28, 45.02, 46.53, 29.24, 59.60, 9.63, 71.97, 99.20
75.98, 55.59, 15.05, 94.20, 7.31, 10.57, 15.02, 69.66, 94.14, 90.12
17.68, 67.39, 4.06, 20.81, 95.18, 45.49, 18.37, 91.50, 36.04, 30.35
91.30, 92.02, 90.59, 42.17, 71.10, 15.41, 21.60, 33.66, 65.46, 39.73
16.89, 64.73, 68.91, 17.63, 29.73, 2.55, 89.58, 39.98, 4.07, 38.98
94.86, 40.18, 52.18, 84.95, 68.59, 86.79, 41.99, 73.03, 62.86, 30.25
32.32, 15.33, 18.45, 92.18, 54.86, 28.67, 44.55, 69.86, 57.61, 81.20
71.52, 5.62, 9.58, 92.83, 96.89, 47.18, 32.81, 89.21, 58.38, 77.15
33.95, 2.98, 84.00, 79.98, 2.57, 10.37, 84.60, 21.66, 58.23, 18.18
25.64, 43.84, 53.17, 25.52, 55.16, 98.11, 59.96, 81.56, 25.29, 79.05
86.20, 74.77, 32.95, 42.63, 82.50, 73.51, 98.06, 29.48, 70.45, 0.33
77.34, 9.82, 21.51, 54.13, 84.50, 90.57, 34.99, 43.92, 20.25, 87.10
74.74, 47.32, 95.11, 64.28, 97.21, 89.38, 65.90, 27.30, 49.63, 90.59
64.68, 50.00, 1.03, 78.56, 97.83, 61.58, 4.22, 94.72, 42.37, 89.14
60.96, 35.01, 0.10, 19.58, 58.97, 83.97, 24.55, 53.33, 69.83, 30.88
61.93, 35.55, 69.14, 69.09, 93.01, 99.07, 82.22, 66.89, 36.17, 38.73
47.63, 92.35, 55.08, 0.62, 43.48, 1.59, 80.21, 82.05, 22.03, 93.31
70.92, 36.67, 8.83, 4.43, 50.93, 20.13, 43.77, 92.38, 3.21, 25.23
64.14, 70.67, 94.13, 47.07, 12.45, 64.42, 59.58, 54.54, 63.36, 82.14
31.90, 13.59, 57.19, 69.83, 81.48, 76.37, 98.90, 47.23, 64.85, 96.06
27.35, 47.46, 61.62, 89.52, 84.12, 79.71, 10.76, 17.17, 51.31, 61.74
48.57, 28.18, 77.84, 86.26, 86.20, 9.87, 1.10, 81.41, 60.65, 68.77
15.03, 21.44, 72.12, 60.96, 70.70, 25.26, 59.72, 51.66, 53.99, 42.71
70.02, 58.48, 9.80, 23.54, 50.68, 44.13, 84.22, 35.53, 94.30, 31.13
68.77, 81.86, 93.16, 50.53, 74.70, 61.59, 30.83, 31.71, 5.16, 41.56
32.20, 90.91, 8.42, 38.11, 9.04, 10.88, 67.20, 89.86, 59.47, 23.39
21.74, 26.23, 12.86, 84.33, 65.96, 97.27, 56.92, 63.13, 22.81, 15.11
80.83, 14.71, 73.82, 68.19, 92.54, 1.61, 22.03, 61.56, 31.32, 11.72
40.03, 5.68, 40.60, 67.30, 69.10, 66.03, 22.80, 18.52, 65.94, 34.47
67.90, 38.32, 89.51, 29.48, 90.21, 16.61, 63.12, 25.07, 49.28, 22.88
86.69, 80.61, 92.82, 4.51, 78.24, 45.45, 10.34, 24.18, 12.90, 74.73
83.94, 0.07, 23.49, 35.34, 67.82, 2.07, 20.68, 54.83, 48.20, 86.39
15.98, 53.89, 52.69, 37.27, 60.94, 88.09, 51.78, 28.19, 38.63, 43.71
55.59, 28.87, 30.40, 61.70, 78.00, 38.01, 22.37, 34.47, 70.14, 29.64
42.37, 1.19, 31.02, 30.11, 28.65, 88.97, 6.42, 53.78, 91.77, 9.19
67.54, 87.51, 94.89, 28.61, 0.77, 30.19, 8.69, 58.91, 63.94, 30.65
45.82, 20.76, 34.04, 37.32, 32.81, 82.06, 65.41, 30.29, 52.30, 20.37
96.95, 80.81, 76.53, 35.46, 50.30, 4.68, 54.04, 31.06, 11.68, 39.21
23.70, 91.44, 0.17, 53.45, 73.97, 75.93, 32.85, 96.32, 20.88, 19.64
35.09, 46.61, 50.70, 83.00, 94.13, 92.15, 13.68, 18.27, 8.15, 2.14
80.51, 37.22, 0.59, 49.67, 32.06, 51.33, 86.03, 54.34, 98.54, 61.08
15.04, 7.47, 64.87, 73.60, 78.30, 16.15, 96.19, 88.01, 77.72, 19.80
67.49, 66.61, 74.06, 90.30, 81.15, 14.58, 73.46, 99.82, 80.12, 99.50
83.40, 74.00, 46.23, 95.62, 29.11, 68.02, 21.55, 74.64, 7.90, 67.25
68.40, 75.97, 74.61, 45.64, 75.67, 73.90, 8.68, 5.93, 6.72, 84.49
25.51, 25.27, 31.90, 45.64, 37.52, 37.07, 40.36, 94.56, 94.91, 64.95
59.75, 91.88, 14.46, 58.59, 81.05, 95.39, 91.43, 69.36, 32.77, 31.09
73.74, 65.47, 69.04, 2.65, 23.29, 63.69, 78.10, 51.17, 35.25, 24.93
68.42, 63.94, 19.76, 18.47, 51.55, 72.77, 16.53, 36.74, 83.95, 86.81
71.91, 90.51, 98.64, 11.63, 78.60, 42.51, 73.65, 13.73, 87.48, 99.02
83.62, 90.08, 68.76, 71.87, 21.95, 65.98, 45.65, 80.67, 45.10, 53.90
23.24, 48.22, 38.59, 37.34, 78.95, 49.88, 99.77, 94.40, 69.56, 66.33
87.29, 69.32, 20.23, 62.27, 65.65, 81.06, 4.00, 9.22, 17.63, 65.66
25.50, 99.92, 83.95, 16.99, 86.75, 84.01, 6.01, 4.18, 89.14, 97.51
9.28, 52.91, 21.12, 31.26, 19.42, 95.00, 68.85, 21.37, 43.16, 16.75
22.15, 4.46, 39.34, 12.12, 75.31, 20.41, 30.89, 57.74, 75.23, 66.90
12.53, 36.98, 10.70, 23.80, 11.49, 83.53, 9.00, 93.59, 12.10, 73.52
62.60, 96.54, 90.80, 56.21, 73.43, 5.64, 2.22, 87.92, 84.83, 23.03
19.04, 30.60, 42.87, 63.42, 10.52, 22.88, 77.59, 2.15, 97.72, 21.97
61.64, 1.02, 37.70, 98.03, 42.88, 13.49, 54.60, 51.39, 41.00, 93.61
63.81, 41.76, 76.78, 40.94, 18.62, 45.01, 11.86, 84.29, 22.88, 49.97
84.54, 46.27, 4.38, 93.60, 31.22, 31.27, 21.18, 24.99, 18.90, 24.87
10.78, 22.18, 58.01, 57.59, 41.58, 68.09, 47.67, 63.31, 62.94, 84.04
16.64, 98.61, 87.87, 37.48, 82.30, 54.39, 48.25, 42.66, 59.10, 72.03
90.33, 58.47, 72.88, 49.55, 82.65, 42.68, 13.65, 23.05, 56.73, 73.51
48.29, 11.42, 36.13, 6.06, 45.98, 20.50, 51.15, 33.95, 20.10, 35.21
80.24, 62.67, 42.60, 4.47, 7.82, 60.62, 50.93, 83.77, 3.08, 59.91
48.80, 41.38, 51.18, 5.61, 32.12, 66.28, 86.67, 75.67, 34.25, 53.84
45.97, 18.68, 50.24, 8.44, 88.03, 31.93, 49.31, 97.34, 68.54, 24.69
63.00, 64.51, 79.43, 38.84, 33.78, 11.45, 96.00, 47.80, 26.91, 29.83
21.30, 73.21, 7.54, 70.93, 45.05, 33.54, 39.86, 51.44, 99.84, 9.33
32.22, 26.13, 4.59, 25.23, 34.36, 2.52, 4.54, 73.39, 51.12, 97.54
28.91, 90.26, 82.11, 5.93, 98.45, 95.91, 17.12, 23.85, 32.95, 51.89
77.48, 24.96, 50.41, 89.81, 17.31, 10.06, 35.91, 90.27, 6.63, 8.55
26.65, 83.30, 88.59, 44.73, 90.05, 95.23, 80.60, 19.78, 87.28, 59.39
7.80, 94.04, 98.44, 14.88, 15.90, 2.56, 64.60, 55.79, 6.62, 10.83
34.07, 95.50, 14.27, 5.42, 63.36, 97.26, 25.14, 2.56, 50.41, 63.59
29.17, 19.91, 99.89, 34.00, 88.11, 7.24, 73.76, 14.09, 88.86, 61.44
75.98, 16.62, 5.38, 30.34, 96.16, 68.64, 80.18, 22.80, 49.47, 25.26
98.82, 58.91, 15.15, 27.20, 27.77, 51.27, 29.46, 78.23, 32.46, 43.97
11.23, 42.84, 40.73, 88.56, 9.61, 67.81, 16.37, 32.81, 75.45, 50.31
49.35, 57.63, 24.72, 48.20, 64.95, 96.75, 76.34, 3.61, 68.75, 68.81
55.82, 20.93, 59.25, 45.89, 59.05, 10.99, 50.80, 43.12, 61.10, 98.45
24.78, 42.50, 37.03, 14.58, 34.12, 22.35, 24.43, 4.24, 11.42, 71.47
38.12, 93.43, 87.62, 83.05, 86.79, 87.53, 4.79, 21.97, 13.79, 43.88
41.25, 14.94, 10.07, 68.82, 42.36, 42.44, 59.62, 5.59, 20.91, 94.43
89.15, 58.95, 51.68, 95.09, 42.43, 59.01, 4.41, 23.48, 49.34, 23.81
97.27, 45.90, 77.52, 77.86, 68.44, 63.68, 95.50, 51.43, 56.40, 76.29
19.05, 25.94, 25.78, 92.10, 3.50, 4.58, 79.88, 47.82, 7.10, 41.43
85.46, 61.21, 77.84, 20.51, 34.49, 17.77, 17.28, 63.68, 56.47, 73.06
66.64, 89.19, 88.28, 29.01, 87.55, 70.64, 58.41, 74.55, 87.89, 47.05
8.58, 39.05, 94.21, 54.30, 50.82, 52.88, 74.23, 17.51, 40.09, 21.14
94.85, 89.30, 58.19, 8.17, 20.33, 23.43, 80.13, 39.24, 40.68, 16.07
34.20, 13.14, 83.09, 82.57, 31.46, 86.19, 18.48, 3.82, 1.54, 8.03
31.27, 98.37, 6.79, 72.10, 84.12, 50.22, 4.87, 68.62, 12.87, 84.99
77.49, 86.76, 61.08, 35.37, 85.99, 4.55, 10.26, 40.82, 99.57, 18.66
96.85, 91.21, 94.27, 49.15, 52.23, 30.61, 14.52, 12.26, 35.09, 61.48
84.64, 46.39, 3.55, 25.42, 61.04, 22.17, 29.35, 11.42, 12.20, 23.54
80.06, 27.37, 40.05, 68.17, 62.17, 69.31, 35.57, 21.16, 51.68, 96.44
60.99, 11.57, 44.85, 64.45, 49.43, 9.01, 74.57, 50.30, 81.63, 8.39
45.70, 77.36, 18.19, 99.62, 63.53, 92.55, 16.65, 25.68, 51.89, 42.30
63.75, 43.15, 65.87, 94.06, 45.49, 65.30, 89.57, 86.31, 84.38, 41.61
12.33, 91.85, 57.47, 99.75, 75.97, 78.08, 99.66, 29.70, 40.44, 26.59
2.25, 66.12, 60.84, 34.32, 97.38, 55.54, 48.65, 8.22, 76.16, 26.13
88.93, 45.55, 74.25, 79.75, 39.04, 65.41, 36.35, 15.15, 92.68, 75.37
22.10, 96.81, 16.54, 18.43, 75.66, 44.85, 65.31, 2.72, 94.50, 62.83
3.65, 72.46, 43.30, 53.83, 14.27, 67.92, 20.22, 20.06, 89.02, 13.87
51.54, 2.58, 18.06, 54.71, 12.72, 6.11, 16.59, 15.89, 24.45, 95.54
76.91, 2.99, 74.81, 72.25, 31.23, 4.63, 45.26, 39.23, 96.31, 20.95
35.02, 99.93, 91.88, 93.40, 97.85, 80.30, 27.55, 45.40, 91.85, 86.80
80.67, 81.69, 64.84, 58.18, 84.61, 7.73, 18.56, 82.23, 82.24, 26.13
69.21, 73.21, 8.26, 47.45, 66.88, 66.82, 97.34, 78.30, 85.36, 72.49
94.98, 3.14, 55.74, 89.90, 12.63, 56.66, 32.19, 86.89, 30.62, 28.62
96.32, 80.02, 20.17, 46.25, 33.54, 29.49, 79.01, 94.67, 22.11, 50.44
19.26, 20.00, 59.62, 88.46, 33.18, 7.32, 83.91, 74.90, 95.38, 91.45
88.33, 29.21, 21.91, 48.54, 0.58, 68.62, 96.26, 40.26, 81.35, 92.75
49.85, 98.23, 7.78, 52.44, 28.10, 43.22, 10.73, 93.71, 67.98, 7.73
53.76, 97.97, 8.37, 23.51, 16.86, 66.33, 3.77, 1.35, 27.42, 59.28
49.09, 93.43, 37.77, 93.24, 99.08, 15.72, 13.90, 1.60, 62.35, 64.60
26.05, 6.42, 93.07, 74.87, 99.94, 6.73, 36.60, 33.99, 31.56, 57.39
71.09, 41.10, 37.23, 43.76, 61.19, 65.93, 42.25, 23.53, 18.07, 70.73
35.07, 83.76, 30.21, 34.85, 11.10, 58.40, 45.81, 75.30, 85.13, 69.96
82.52, 36.04, 82.92, 89.21, 16.30, 12.84, 17.07, 60.48, 9.14, 11.39
25.61, 60.42, 3.29, 97.84, 99.37, 49.29, 57.17, 59.45, 73.47, 4.24
3.93, 40.88, 32.14, 51.57, 94.33, 66.87, 35.73, 96.09, 84.79, 45.45
28.91, 6.75, 27.93, 88.58, 31.41, 32.62, 8.93, 48.83, 34.63, 65.93
61.64, 23.47, 25.97, 76.99, 87.56, 54.97, 45.99, 44.19, 39.54, 99.15
70.40, 16.84, 44.15, 64.38, 82.34, 91.39, 10.75, 32.20, 47.36, 28.71
80.43, 33.65, 38.59, 33.38, 23.30, 50.71, 49.11, 35.54, 0.44, 73.21
78.14, 28.94, 54.21, 24.52, 78.47, 47.37, 47.18, 96.33, 18.27, 52.87
72.51, 83.19, 27.83, 58.29, 59.05, 1.60, 70.71, 14.57, 51.28, 62.41
20.49, 72.44, 66.68, 36.05, 63.30, 59.36, 5.61, 16.90, 51.17, 86.78
32.42, 72.23, 44.05, 52.18, 44.78, 34.85, 68.07, 90.67, 75.89, 14.70
51.74, 83.85, 3.71, 79.99, 58.15, 23.13, 49.34, 45.32, 28.41, 67.56
62.84, 98.79, 23.44, 68.59, 95.88, 8.26, 7.11, 82.54, 76.26, 28.66
79.50, 0.36, 95.04, 89.86, 30.28, 81.73, 79.03, 39.36, 78.66, 43.70
18.94, 3.14, 28.53, 5.58, 87.84, 65.73, 87.04, 38.10, 56.83, 25.06
90.33, 88.15, 67.00, 22.43, 11.47, 69.66, 44.05, 90.74, 1.61, 3.28
78.11, 42.82, 82.97, 61.91, 31.51, 19.07, 17.88, 26.99, 56.98, 47.73
50.65, 67.71, 41.26, 30.12, 54.54, 48.04, 48.97, 57.69, 78.92, 32.01
80.28, 94.71, 43.70, 57.74, 10.26, 56.29, 29.77, 73.37, 18.81, 56.15
70.77, 6.24, 1.79, 76.28, 11.22, 97.01, 71.74, 16.74, 1.65, 42.80
27.29, 4.91, 28.57, 9.49, 92.90, 40.69, 3.72, 43.98, 91.88, 95.80
83.35, 44.96, 9.24, 28.94, 69.57, 0.07, 26.49, 5.05, 26.20, 79.23
75.95, 77.16, 9.33, 94.58, 90.95, 70.25, 98.07, 81.22, 27.80, 49.42
67.77, 42.07, 22.40, 92.47, 43.20, 28.53, 89.27, 47.33, 58.02, 35.81
59.22, 58.74, 56.94, 44.56, 44.23, 63.71, 21.73, 84.21, 20.68, 29.22
27.35, 53.02, 30.48, 54.86, 53.76, 97.99, 81.90, 30.95, 17.89, 12.53
17.48, 41.85, 65.76, 82.28, 45.50, 30.62, 11.38, 48.83, 9.68, 31.97
77.30, 23.40, 81.99, 44.48, 38.87, 21.66, 34.75, 0.61, 50.78, 98.02
37.33, 56.27, 47.09, 75.47, 5.91, 4.46, 41.00, 27.63, 52.32, 9.90
87.46, 26.22, 26.35, 36.13, 51.16, 60.67, 64.66, 20.43, 21.51, 76.64
28.38, 0.20, 34.14, 66.77, 1.29, 63.56, 1.49, 13.37, 7.17, 98.39
43.61, 93.34, 35.58, 1.83, 21.81, 94.37, 62.60, 81.19, 19.66, 3.57
40.94, 31.01, 30.07, 60.23, 69.16, 58.44, 50.96, 53.89, 12.45, 33.88
50.33, 32.63, 95.09, 28.06, 84.08, 99.38, 93.94, 94.31, 75.92, 20.84
80.93, 32.71, 5.29, 59.65, 65.63, 62.98, 71.31, 56.98, 18.67, 60.70
66.62, 27.52, 1.93, 18.44, 22.21, 15.74, 59.03, 67.46, 16.11, 67.91
2.78, 43.94, 85.08, 11.53, 1.58, 77.69, 9.69, 21.76, 69.17, 91.79
46.72, 83.64, 28.65, 90.31, 92.91, 68.38, 39.70, 17.64, 1.70, 66.30
0.83, 62.17, 99.12, 46.75, 18.29, 95.28, 78.67, 62.43, 27.11, 25.89
48.53, 84.81, 35.77, 66.22, 89.71, 53.78, 9.76, 76.03, 32.78, 6.08
82.39, 62.55, 9.01, 37.73, 1.33, 18.76, 42.94, 65.88, 41.56, 70.10
59.01, 96.92, 59.50, 74.02, 47.66, 0.22, 82.13, 84.46, 75.81, 88.10
52.32, 36.12, 4.67, 5.34, 56.22, 70.28, 76.27, 18.99, 40.63, 23.02
14.67, 15.90, 76.41, 8.31, 61.73, 85.73, 11.13, 2.20, 78.69, 26.03
17.67, 45.98, 91.17, 70.71, 24.78, 35.87, 58.02, 3.94, 76.75, 57.82
19.91, 38.90, 52.98, 26.26, 75.58, 71.24, 46.86, 41.58, 44.78, 15.96
50.82, 86.71, 72.76, 59.74, 94.24, 48.96, 1.26, 33.95, 84.16, 39.40
96.52, 90.03, 27.03, 93.41, 95.74, 10.72, 74.76, 32.98, 45.14, 50.65
89.44, 43.37, 12.70, 33.10, 22.17, 30.54, 40.05, 38.77, 33.27, 48.40
98.19, 52.88, 71.62, 54.88, 43.13, 15.45, 69.20, 78.77, 57.20, 15.26
23.26, 91.32, 45.23, 0.01, 15.95, 10.42, 32.37, 76.12, 72.90, 94.43
11.65, 18.18, 93.84, 96.43, 16.52, 64.22, 99.20, 70.50, 13.12, 24.78
92.61, 34.69, 12.38, 16.42, 96.42, 1.93, 15.88, 54.66, 24.49, 38.21
12.67, 67.93, 24.26, 27.29, 62.69, 80.54, 69.71, 42.74, 43.37, 45.30
20.21, 81.40, 71.91, 43.20, 9.68, 44.06, 24.21, 0.09, 71.03, 93.78
14.30, 39.18, 86.53, 89.26, 25.71, 48.59, 65.36, 60.45, 57.16, 1.28
71.77, 55.60, 81.80, 33.78, 43.80, 7.23, 78.23, 64.86, 22.04, 88.01
77.11, 83.11, 63.98, 10.50, 85.12, 43.17, 3.44, 40.23, 88.56, 30.44
50.86, 37.86, 2.32, 21.79, 93.96, 97.11, 17.38, 93.51, 16.68, 91.92
58.17, 25.20, 92.92, 79.31, 39.70, 36.44, 68.22, 22.86, 44.64, 64.63
8.26, 9.28, 44.25, 39.34, 33.54, 90.11, 27.09, 40.48, 53.97, 42.35
76.24, 91.71, 72.38, 14.81, 35.41, 92.58, 60.40, 53.07, 52.29, 67.44
12.04, 95.47, 72.08, 73.14, 10.14, 65.99, 78.01, 2.25, 41.37, 30.73
18.59, 23.44, 83.62, 88.61, 17.69, 37.69, 2.16, 96.50, 8.41, 31.13
67.26, 84.28, 25.35, 25.76, 99.32, 50.08, 70.33, 29.69, 52.25, 90.75
61.98, 69.62, 83.11, 16.48, 33.54, 52.99, 3.75, 41.04, 35.88, 92.69
24.89, 13.99, 64.99, 30.14, 21.29, 1.22, 91.15, 71.91, 97.52, 56.27
69.60, 81.69, 7.95, 76.30, 74.62, 59.74, 94.64, 52.11, 67.33, 64.44
28.28, 95.11, 85.05, 60.32, 22.10, 78.86, 43.33, 36.28, 67.51, 89.55
93.13, 73.80, 93.00, 39.24, 97.89, 66.24, 92.51, 14.34, 58.55, 67.52
46.57, 10.05, 39.55, 35.84, 2.44, 99.84, 21.86, 64.16, 81.02, 12.63
31.05, 59.13, 6.56, 24.86, 50.40, 78.00, 66.82, 16.81, 0.54, 20.51
97.00, 94.74, 49.60, 51.62, 73.10, 28.80, 4.81, 65.80, 93.86, 6.53
61.21, 73.19, 69.27, 75.08, 57.03, 72.00, 76.53, 33.49, 86.66, 39.64
77.98, 55.92, 86.02, 99.94, 16.52, 96.15, 16.91, 57.78, 85.01, 56.49
95.63, 46.66, 77.79, 49.94, 96.79, 29.96, 36.75, 91.21, 38.13, 84.66
1.34, 27.24, 4.84, 33.80, 33.54, 88.35, 3.23, 28.75, 22.74, 4.15
49.74, 48.83, 42.80, 43.16, 30.14, 42.92, 30.70, 65.74, 6.69, 15.73
53.24, 77.94, 86.36, 36.58, 31.74, 8.25, 84.13, 48.67, 24.85, 9.59
34.34, 65.31, 91.65, 17.79, 46.84, 46.25, 59.83, 9.82, 91.58, 84.68
29.19, 98.74, 78.83, 73.02, 9.35, 38.36, 80.75, 79.12, 70.55, 14.14
99.12, 82.98, 64.39, 35.68, 31.01, 12.63, 20.40, 11.61, 67.95, 58.82
34.86, 28.67, 24.39, 97.40, 28.40, 60.30, 71.74, 88.14, 24.24, 80.26
97.83, 39.89, 2.32, 3.41, 76.34, 87.20, 48.28, 87.91, 1.82, 94.34
81.42, 51.13, 5.31, 45.89, 45.96, 63.91, 46.75, 0.75, 73.42, 11.64
44.49, 0.04, 55.22, 63.29, 58.54, 6.98, 97.52, 16.36, 78.49, 81.17
61.49, 20.50, 29.30, 41.46, 35.15, 11.64, 45.64, 26.38, 8.00, 54.72
29.59, 77.02, 75.66, 29.58, 6.71, 66.18, 8.89, 39.66, 10.75, 31.80
18.83, 85.67, 1.58, 53.84, 75.85, 5.07, 63.04, 14.54, 54.41, 92.54
22.10, 98.39, 89.54, 54.54, 2.28, 8.08, 11.43, 84.90, 22.15, 99.76
40.00, 81.08, 18.23, 47.97, 41.31, 80.11, 8.75, 77.34, 32.92, 32.17
82.54, 77.54, 42.09, 3.16, 42.82, 4.73, 60.76, 51.92, 13.42, 87.47
62.29, 97.45, 58.82, 5.10, 11.01, 93.31, 75.97, 11.60, 98.58, 26.33
79.92, 67.55, 45.69, 48.25, 9.01, 38.87, 82.39, 85.28, 78.18, 28.17
54.04, 48.30, 90.22, 17.52, 28.77, 30.09, 75.00, 18.57, 51.55, 99.91
8.88, 4.03, 51.06, 18.81, 88.84, 58.11, 33.99, 51.00, 52.41, 44.14
88.20, 39.50, 88.94, 64.35, 84.91, 12.88, 33.25, 92.20, 93.79, 47.22
71.94, 17.36, 11.13, 65.61, 23.85, 10.01, 10.85, 43.35, 22.51, 10.65
87.69, 96.28, 88.76, 33.61, 32.21, 59.67, 97.49, 46.09, 43.99, 84.92
78.59, 52.99, 17.48, 67.21, 63.92, 66.18, 6.60, 87.13, 9.12, 28.71
0.11, 56.53, 10.59, 28.80, 42.91, 38.24, 50.45, 0.11, 94.07, 23.73
80.89, 45.99, 56.74, 65.45, 68.91, 34.36, 47.28, 86.88, 62.95, 33.68
84.18, 48.00, 22.58, 55.79, 26.95, 71.51, 47.51, 90.35, 68.38, 9.18
49.74, 44.34, 54.72, 53.41, 91.52, 54.40, 11.10, 11.04, 97.80, 52.80
20.55, 67.80, 16.08, 72.45, 12.00, 37.07, 66.32, 57.37, 58.59, 36.92
99.78, 79.02, 15.35, 64.76, 93.95, 54.46, 80.31, 80.67, 85.90, 11.08
44.39, 54.63, 14.87, 30.14, 53.00, 70.49, 76.00, 35.55, 8.18, 69.34
86.68, 10.63, 23.03, 22.64, 43.99, 28.86, 44.18, 74.31, 60.99, 8.35
42.13, 62.37, 69.24, 49.51, 10.95, 34.53, 71.81, 10.92, 6.90, 37.87
71.73, 86.39, 14.58, 47.67, 36.48, 7.58, 99.88, 28.37, 31.15, 8.01
52.99, 23.12, 43.95, 65.04, 72.19, 1.01, 39.20, 43.56, 45.60, 63.88
96.97, 95.91, 49.71, 34.56, 27.34, 82.27, 20.72, 71.72, 41.76, 77.18
19.65, 15.19, 79.10, 97.50, 12.58, 75.41, 82.76, 52.90, 91.79, 68.27
97.16, 44.85, 25.04, 92.93, 68.91, 80.00, 5.29, 17.67, 89.23, 60.84
85.84, 75.35, 78.23, 93.57, 89.51, 13.00, 51.64, 95.97, 89.35, 22.92
46.33, 92.59, 85.30, 60.71, 49.34, 72.91, 44.61, 57.21, 91.44, 74.07
67.15, 76.95, 57.19, 88.92, 20.81, 56.88, 51.79, 18.39, 21.41, 84.45
53.85, 71.90, 48.40, 74.03, 26.58, 78.54, 44.40, 5.88, 98.16, 59.57
18.35, 79.44, 20.21, 52.49, 0.37, 95.72, 73.94, 59.12, 67.89, 59.51
84.38, 92.95, 91.92, 91.34, 24.02, 72.06, 4.78, 55.63, 16.35, 27.30
2.05, 24.08, 85.46, 69.13, 56.76, 15.18, 66.83, 72.76, 2.16, 97.32
53.26, 46.87, 54.86, 26.18, 99.46, 50.88, 34.48, 66.28, 93.81, 96.01
7.28, 82.93, 3.97, 92.08, 99.73, 64.19, 86.03, 34.58, 46.38, 89.31
93.42, 27.27, 7.38, 13.67, 92.47, 46.24, 38.41, 41.07, 73.08, 47.63
58.16, 1.73, 49.95, 34.31, 84.25, 79.26, 5.13, 57.56, 1.46, 21.31
83.71, 29.48, 81.20, 56.57, 67.13, 20.78, 4.82, 53.33, 39.53, 94.89
13.57, 83.63, 59.70, 51.50, 18.25, 51.07, 47.46, 63.06, 38.79, 26.24
51.46, 10.32, 99.03, 79.07, 28.14, 33.38, 11.48, 88.43, 38.08, 63.65
91.19, 17.57, 29.80, 29.98, 54.52, 59.27, 69.79, 67.39, 58.79, 30.89
10.24, 60.84, 3.88, 87.76, 64.08, 81.80, 59.43, 28.11, 89.06, 55.41
43.42, 46.24, 50.10, 64.27, 18.34, 62.24, 84.56, 65.37, 7.91, 31.82
37.58, 73.53, 86.26, 8.88, 49.99, 89.79, 31.75, 55.30, 30.06, 73.11
21.43, 80.53, 63.91, 28.19, 0.16, 45.74, 1.00, 58.46, 66.99, 9.12
33.87, 71.34, 1.24, 87.58, 2.50, 13.85, 41.98, 71.87, 19.18, 58.52
2.49, 97.08, 89.51, 88.71, 46.06, 83.10, 83.55, 9.70, 82.17, 59.06
17.75, 35.72, 29.80, 37.93, 36.07, 60.06, 71.43, 64.83, 44.69, 39.35
60.84, 97.87, 99.79, 70.66, 23.28, 90.94, 1.32, 36.27, 21.83, 88.47
41.17, 8.25, 80.34, 34.56, 91.20, 88.15, 68.88, 18.34, 28.20, 61.84
69.22, 73.82, 92.61, 21.56, 25.56, 2.27, 26.36, 33.27, 87.61, 49.38
73.07, 83.09, 33.02, 74.22, 79.10, 64.15, 26.11, 33.86, 18.28, 58.57
95.76, 4.27, 73.60, 99.11, 31.63, 35.43, 70.62, 15.98, 34.52, 56.18
91.24, 67.91, 81.47, 29.48, 96.05, 25.55, 49.69, 38.73, 3.54, 12.40
94.19, 9.07, 99.41, 88.52, 71.55, 1.54, 41.87, 39.63, 64.65, 17.65
60.50, 79.75, 16.15, 51.06, 99.98, 42.50, 98.27, 0.53, 92.94, 43.79
70.56, 19.19, 60.66, 81.61, 94.77, 3.76, 46.29, 15.25, 39.12, 62.45
43.95, 68.25, 52.29, 36.66, 67.35, 53.93, 74.95, 51.73, 93.60, 76.70
26.64, 30.93, 81.82, 51.52, 78.92, 75.44, 83.45, 72.59, 81.18, 62.08
10.89, 40.79, 0.20, 22.34, 98.62, 61.79, 9.49, 25.58, 26.88, 29.28
69.82, 0.12, 97.69, 7.12, 38.01, 85.45, 70.68, 75.01, 2.83, 75.01
49.53, 16.45, 92.70, 83.00, 70.16, 43.57, 97.57, 74.68, 77.16, 89.88
47.00, 26.07, 72.49, 47.17, 92.98, 14.99, 64.07, 61.00, 89.22, 68.70
35.74, 82.91, 42.59, 87.93, 47.97, 15.37, 26.07, 65.10, 52.68, 19.38
19.79, 47.27, 53.14, 87.45, 73.74, 60.49, 59.19, 71.12, 39.22, 56.69
78.43, 58.19, 24.03, 20.04, 70.64, 58.99, 86.60, 18.69, 51.65, 83.75
60.64, 97.53, 74.48, 91.34, 93.67, 82.70, 65.63, 43.95, 14.17, 63.95
96.24, 62.25, 39.97, 69.89, 48.60, 20.52, 66.71, 1.65, 67.77, 9.60
64.27, 95.54, 73.24, 13.12, 83.09, 8.08, 58.20, 7.60, 93.00, 41.97
1.15, 45.99, 78.57, 85.69, 40.97, 64.51, 63.58, 36.20, 30.48, 9.49
49.46, 78.66, 33.93, 10.97, 7.17, 51.15, 54.12, 76.81, 90.37, 31.01
41.26, 42.66, 39.88, 76.89, 16.44, 0.53, 16.63, 24.77, 24.25, 68.13
82.74, 48.47, 8.78, 6.42, 21.41, 0.63, 84.80, 46.75, 39.04, 65.86
45.94, 65.87, 44.63, 23.23, 44.70, 58.18, 18.08, 89.36, 31.60, 97.32
75.15, 10.37, 11.30, 36.91, 52.15, 84.31, 30.57, 85.11, 28.04, 70.05
75.86, 64.27, 22.49, 8.30, 23.35, 9.26, 53.49, 96.49, 43.54, 56.56
28.73, 61.56, 36.32, 23.36, 93.45, 38.71, 33.75, 60.57, 68.08, 33.98
11.99, 19.39, 91.07, 6.09, 34.01, 27.99, 72.16, 24.60, 44.76, 14.68
69.11, 92.38, 48.87, 99.97, 48.79, 56.32, 52.86, 8.31, 37.37, 61.04
7.43, 2.86, 83.19, 77.14, 96.39, 72.01, 2.49, 51.96, 55.90, 12.93
18.62, 2.00, 76.75, 65.65, 65.40, 87.91, 78.21, 65.62, 38.44, 44.34
33.83, 57.58, 0.74, 3.90, 57.14, 95.95, 34.93, 62.04, 68.40, 67.19
46.20, 72.66, 70.85, 21.41, 25.59, 11.71, 87.89, 47.04, 30.57, 37.05
80.53, 29.24, 11.41, 76.13, 18.73, 35.69, 49.18, 70.79, 46.92, 47.75
71.93, 55.86, 29.24, 87.87, 11.69, 1.38, 99.05, 18.38, 78.02, 71.76
15.85, 46.70, 41.19, 65.47, 5.16, 68.25, 44.40, 80.95, 76.22, 9.20
18.75, 79.29, 77.49, 43.05, 39.27, 61.87, 68.90, 45.41, 35.23, 30.21
67.74, 29.84, 92.53, 4.58, 32.54, 80.47, 84.81, 52.71, 89.02, 68.04
31.90, 96.22, 55.79, 28.28, 16.81, 52.21, 49.22, 24.02, 95.98, 3.31
13.90, 96.93, 87.12, 66.73, 74.34, 54.93, 5.79, 69.40, 85.34, 20.75
87.58, 4.04, 22.34, 33.23, 43.17, 86.95, 7.36, 23.25, 76.61, 80.16
72.39, 99.61, 47.28, 10.70, 1.23, 29.27, 75.97, 72.32, 80.38, 49.67
82.15, 70.84, 55.74, 86.30, 55.69, 86.43, 33.59, 37.28, 35.76, 63.98
67.59, 18.62, 31.50, 83.39, 20.41, 86.62, 18.02, 31.53, 19.47, 23.89
65.35, 46.69, 76.44, 64.78, 50.15, 85.10, 83.08, 72.71, 2.79, 33.31
19.00, 25.49, 4.35, 16.64, 16.24, 97.31, 30.26, 6.17, 27.01, 9.00
4.95, 13.12, 29.10, 81.82, 51.08, 32.60, 56.66, 18.65, 46.10, 23.03
23.50, 39.02, 53.19, 55.26, 61.86, 18.08, 20.14, 93.37, 8.55, 77.52
6.96, 36.57, 33.63, 42.06, 44.14, 98.97, 25.77, 81.84, 52.89, 87.21
7.56, 94.66, 47.47, 34.77, 41.93, 11.51, 64.41, 5.41, 32.49, 9.44
47.45, 12.40, 76.31, 41.52, 56.64, 84.12, 49.13, 90.86, 68.56, 95.35
80.14, 61.37, 89.64, 41.74, 51.86, 84.88, 36.46, 23.72, 77.66, 82.96
60.15, 59.03, 13.26, 98.60, 13.76, 92.05, 20.66, 61.13, 94.64, 4.42
38.35, 87.02, 25.39, 6.14, 48.79, 91.96, 77.10, 89.14, 20.12, 97.97
67.55, 53.57, 67.76, 28.72, 64.08, 96.52, 34.38, 24.48, 60.07, 46.53
70.82, 78.93, 73.66, 17.16, 99.69, 11.63, 58.07, 51.02, 33.42, 67.00
59.37, 43.23, 59.87, 80.82, 18.47, 40.96, 74.13, 62.47, 34.28, 35.99
81.19, 57.20, 56.42, 69.38, 35.66, 18.45, 27.88, 39.42, 38.68, 92.68
27.31, 14.25, 4.04, 93.29, 72.00, 16.02, 69.91, 47.43, 54.74, 44.35
8.27, 61.33, 68.86, 76.40, 48.50, 49.38, 23.26, 92.83, 84.76, 36.88
22.12, 27.04, 97.07, 91.36, 32.82, 30.60, 21.34, 37.77, 28.63, 77.74
54.22, 93.96, 55.42, 5.01, 18.57, 45.90, 34.80, 89.36, 71.04, 48.04
20.10, 94.71, 99.04, 13.08, 77.53, 44.24, 11.39, 3.98, 74.47, 70.48
10.86, 24.97, 85.07, 10.67, 78.08, 79.69, 58.49, 26.70, 77.11, 40.81
77.03, 39.06, 9.35, 63.77, 87.09, 38.82, 26.58, 41.92, 15.39, 26.10
70.86, 4.14, 37.66, 32.89, 85.72, 54.86, 12.17, 72.97, 4.25, 48.36
14.60, 99.52, 78.08, 68.88, 33.21, 56.06, 6.77, 40.99, 6.63, 32.27
85.93, 61.74, 97.99, 90.72, 63.10, 25.98, 90.64, 40.84, 57.78, 25.88
16.42, 69.37, 50.55, 29.07, 36.35, 10.25, 93.29, 16.45, 36.58, 32.77
46.79, 48.29, 12.49, 63.97, 78.23, 14.44, 25.28, 34.68, 27.85, 0.09
26.86, 54.56, 68.19, 35.43, 35.87, 94.16, 37.50, 16.68, 8.13, 32.23
11.20, 71.88, 6.71, 77.97, 97.61, 36.36, 66.80, 74.08, 21.53, 98.43
61.86, 81.50, 69.10, 75.58, 15.68, 75.21, 30.35, 75.79, 11.24, 10.65
29.64, 0.40, 24.12, 16.50, 98.37, 79.23, 84.54, 1.16, 91.29, 56.09
99.09, 3.61, 99.44, 40.95, 9.30, 37.31, 13.34, 82.85, 82.76, 53.97
13.99, 13.96, 98.65, 16.45, 70.22, 81.49, 33.09, 65.17, 18.98, 17.61
91.87, 81.28, 8.53, 68.90, 16.05, 16.27, 33.09, 11.95, 34.82, 54.02
36.16, 55.00, 25.90, 92.67, 93.92, 19.08, 63.76, 34.71, 23.62, 65.82
82.94, 81.15, 87.42, 84.84, 90.04, 89.70, 9.60, 92.24, 64.83, 38.69
60.30, 10.12, 29.99, 17.76, 96.99, 35.39, 20.14, 5.13, 84.18, 0.66
38.25, 76.43, 54.83, 26.43, 26.49, 41.53, 52.73, 86.35, 30.95, 43.57
81.24, 71.43, 10.87, 75.72, 44.28, 89.21, 32.38, 32.86, 46.11, 7.86
98.24, 30.20, 4.84, 96.29, 82.59, 14.86, 29.36, 75.27, 67.86, 13.13
29.64, 64.56, 11.79, 96.12, 1.56, 99.50, 90.30, 2.51, 82.10, 62.19
82.28, 74.68, 96.50, 13.76, 45.40, 17.53, 19.02, 47.13, 65.44, 81.00
63.81, 74.50, 90.37, 39.42, 42.11, 83.82, 88.59, 90.50, 21.03, 23.99
64.21, 75.50, 40.59, 52.14, 77.47, 87.39, 57.58, 32.35, 2.59, 66.15
31.50, 79.50, 21.79, 28.39, 93.72, 50.03, 67.36, 64.22, 54.29, 10.94
33.63, 89.77, 52.26, 11.23, 89.55, 31.47, 68.48, 79.70, 44.97, 77.02
99.92, 85.93, 6.88, 63.14, 71.18, 38.56, 74.94, 53.26, 87.83, 7.25
32.18, 26.68, 38.45, 29.17, 98.39, 88.53, 60.16, 63.32, 7.81, 50.57
59.02, 61.99, 4.69, 32.87, 56.28, 89.66, 22.50, 69.00, 27.11, 69.03
60.78, 97.37, 30.41, 51.48, 38.57, 31.20, 98.99, 33.48, 66.62, 58.56
42.64, 47.32, 97.91, 84.66, 5.22, 51.60, 42.90, 74.71, 55.41, 65.01
48.08, 52.04, 10.00, 66.20, 8.54, 99.90, 25.16, 95.23, 7.55, 12.57
33.37, 89.28, 29.40, 77.45, 11.81, 78.59, 62.85, 76.59, 19.63, 21.89
62.79, 0.53, 36.22, 64.75, 14.25, 32.71, 34.57, 64.07, 10.68, 13.08
87.93, 71.96, 26.56, 17.12, 15.60, 54.74, 81.83, 99.69, 98.06, 2.46
84.62, 11.96, 76.59, 73.34, 38.65, 14.21, 26.73, 86.64, 83.26, 82.24
80.97, 98.97, 72.62, 8.48, 12.05, 57.56, 57.36, 77.50, 72.17, 83.54
97.49, 69.89, 4.70, 33.34, 21.00, 53.72, 90.95, 83.34, 2.05, 61.83
0.28, 55.61, 81.45, 92.16, 98.69, 79.09, 2.59, 95.41, 10.08, 83.71
15.11, 63.31, 63.58, 52.00, 3.24, 88.38, 24.86, 44.65, 99.34, 14.58
22.46, 46.22, 80.72, 25.40, 24.59, 39.90, 43.97, 2.96, 29.51, 59.86
8.73, 56.86, 26.74, 81.49, 93.55, 98.90, 27.21, 32.56, 96.40, 35.70
72.61, 19.87, 19.78, 64.25, 60.63, 7.94, 59.33, 43.30, 29.63, 23.40
43.00, 39.88, 73.92, 42.90, 41.13, 92.35, 41.51, 27.44, 49.84, 43.31
45.93, 14.52, 65.02, 94.54, 35.66, 83.15, 74.15, 25.31, 57.34, 63.49
85.73, 23.64, 28.58, 91.62, 33.60, 76.82, 34.74, 90.46, 95.82, 81.33
37.84, 2.24, 65.83, 81.90, 74.92, 90.32, 60.15, 68.93, 93.87, 24.13
30.28, 28.79, 83.31, 41.82, 55.38, 76.79, 71.12, 12.68, 27.40, 16.99
77.47, 87.91, 81.02, 22.83, 23.56, 61.05, 91.09, 82.16, 22.66, 78.51
48.84, 31.12, 74.41, 17.47, 97.85, 39.37, 58.53, 76.14, 73.41, 36.53
36.20, 83.61, 48.11, 29.33, 28.66, 13.76, 65.12, 41.84, 27.59, 95.08
56.55, 10.84, 20.97, 44.44, 68.35, 0.71, 91.32, 83.37, 8.29, 49.46
18.64, 68.60, 79.02, 12.42, 36.02, 90.44, 94.56, 48.94, 59.33, 41.56
51.87, 1.12, 12.40, 17.74, 97.40, 17.42, 30.95, 45.50, 4.82, 18.83
60.66, 40.68, 65.76, 24.29, 42.52, 39.33, 53.44, 49.69, 64.79, 9.47
25.32, 75.69, 87.60, 5.54, 91.88, 73.47, 71.72, 27.15, 54.03, 60.23
82.71, 83.86, 39.46, 52.35, 60.19, 9.36, 49.16, 6.83, 80.39, 16.57
96.36, 57.06, 44.71, 46.32, 92.77, 93.52, 83.87, 42.59, 49.86, 78.75
25.63, 85.48, 20.47, 70.18, 66.02, 16.64, 95.63, 59.70, 27.48, 18.20
37.20, 22.65, 74.05, 9.93, 48.24, 14.53, 0.36, 94.44, 8.79, 78.81
56.93, 80.02, 37.99, 81.99, 61.57, 35.89, 39.11, 12.61, 67.84, 63.29
88.28, 66.69, 39.29, 37.25, 55.27, 3.41, 93.83, 48.07, 70.38, 25.59
70.66, 8.25, 76.23, 28.02, 81.71, 54.16, 53.54, 51.19, 34.67, 29.75
23.90, 97.91, 29.06, 79.13, 34.48, 74.94, 76.74, 25.37, 4.36, 93.72
2.05, 34.99, 60.84, 34.88, 98.41, 81.95, 3.45, 47.01, 69.73, 24.63
86.75, 15.14, 68.77, 62.98, 10.09, 24.36, 2.91, 34.28, 30.04, 4.16
29.04, 0.99, 96.60, 42.12, 70.67, 98.26, 9.18, 27.98, 65.19, 20.98
55.68, 79.16, 22.37, 67.11, 26.97, 41.44, 37.81, 10.15, 10.55, 29.21
